pid,latitude,longitude,brightness,scan,track,acq_date,acq_time,satellite,confidence,frp,sensortype,source
82324,23.88155,120.42035,332.28,0.46,0.47,2024/1/11,533000,NPP,nominal,1.7,VIIRS,NASA
82323,23.8413,120.58236,330.63,0.47,0.48,2024/1/11,533000,NPP,nominal,2.71,VIIRS,NASA
82322,22.50755,120.42902,340.37,0.45,0.47,2024/1/11,533000,NPP,nominal,3.14,VIIRS,NASA
82319,23.74659,120.31228,298.04,0.4,0.6,2024/1/10,1821000,NPP,nominal,0.28,VIIRS,NASA
82315,23.65596,120.1895,296.93,0.38,0.59,2024/1/9,1700000,NPP,nominal,0.33,VIIRS,NASA
82316,23.62991,120.29031,318.5,0.38,0.59,2024/1/9,1700000,NPP,nominal,1.3,VIIRS,NASA
82318,22.48602,120.40727,299.77,0.36,0.57,2024/1/9,1700000,NPP,nominal,0.72,VIIRS,NASA
82313,24.02525,120.38874,339.01,0.51,0.41,2024/1/8,450000,NPP,nominal,10.12,VIIRS,NASA
82312,23.83991,120.37178,327.74,0.52,0.41,2024/1/8,450000,NPP,nominal,3.5,VIIRS,NASA
82300,24.99132,121.10181,296.53,0.38,0.36,2024/1/7,1736000,NPP,nominal,0.5,VIIRS,NASA
82305,23.41283,120.3204,295.4,0.39,0.36,2024/1/7,1738000,NPP,nominal,0.26,VIIRS,NASA
82306,22.85267,120.19938,298.95,0.39,0.36,2024/1/7,1738000,NPP,nominal,0.2,VIIRS,NASA
82311,22.48564,120.40739,303.88,0.38,0.36,2024/1/7,1738000,NPP,nominal,0.69,VIIRS,NASA
82299,24.98222,121.04184,344.71,0.39,0.37,2024/1/7,510000,NPP,nominal,9.88,VIIRS,NASA
82292,23.83446,120.36147,330.04,0.56,0.43,2024/1/6,527000,NPP,nominal,2.88,VIIRS,NASA
82289,24.5857,121.85201,298.14,0.38,0.58,2024/1/5,1815000,NPP,nominal,0.37,VIIRS,NASA
82288,24.19336,121.22835,325.11,0.42,0.61,2024/1/5,548000,NPP,nominal,2.88,VIIRS,NASA
82287,23.95629,120.59442,338.64,0.38,0.58,2024/1/5,548000,NPP,nominal,2.21,VIIRS,NASA
82282,22.00516,120.80856,301.3,0.42,0.46,2024/1/3,1711000,NPP,nominal,0.87,VIIRS,NASA
82277,22.48555,120.4082,301.7,0.4,0.37,2024/1/2,1732000,NPP,nominal,0.3,VIIRS,NASA
82272,23.89757,120.30925,335.25,0.46,0.39,2024/1/1,522000,NPP,nominal,5.96,VIIRS,NASA
82271,24.3081,120.74321,297.53,0.51,0.66,2023/12/30,1825000,NPP,nominal,0.41,VIIRS,NASA
82268,26.23236,120.0051,328.4,0.46,0.47,2023/12/26,535000,NPP,nominal,4.39,VIIRS,NASA
82265,24.88318,120.95383,334.6,0.41,0.6,2023/12/25,1819000,NPP,nominal,3.63,VIIRS,NASA
82261,24.31703,120.71301,299.39,0.36,0.58,2023/12/24,1658000,NPP,nominal,0.48,VIIRS,NASA
82259,23.37629,120.18671,295.43,0.39,0.44,2023/12/23,1717000,NPP,nominal,1.31,VIIRS,NASA
82257,24.80264,120.91324,330.76,0.39,0.36,2023/12/22,510000,NPP,nominal,4.49,VIIRS,NASA
82254,24.43575,120.66699,304.57,1.35,1.15,2023/12/22,153000,teradb,59,10.42,MODIS,NASA
82255,24.43419,120.68009,305.39,1.34,1.15,2023/12/22,153000,teradb,61,11.44,MODIS,NASA
82250,22.48625,120.40756,301.41,0.41,0.37,2023/12/17,1732000,NPP,nominal,0.57,VIIRS,NASA
82242,23.97211,120.74655,315.9,1.25,1.11,2023/12/16,527000,aquadb,76,15.54,MODIS,NASA
82237,24.13373,121.63616,307.88,0.5,0.66,2023/12/14,1645000,NPP,nominal,1.27,VIIRS,NASA
82230,22.8552,120.60116,310.22,0.44,0.46,2023/12/10,1802000,NPP,nominal,0.93,VIIRS,NASA
82228,23.74347,120.35725,298.75,0.4,0.6,2023/12/9,1819000,NPP,nominal,0.35,VIIRS,NASA
82229,22.44274,120.58282,305.7,0.44,0.62,2023/12/9,1821000,NPP,nominal,0.53,VIIRS,NASA
82227,24.242293,120.822033,367,0.59,0.7,2023/12/9,414000,NPP,high,22.26,VIIRS,NASA
82225,24.23855,120.82044,309.65,1.09,1.04,2023/12/9,531000,aquadb,69,4.92,MODIS,NASA
82226,24.235525,120.822715,354.71,0.59,0.7,2023/12/9,414000,NPP,nominal,8.97,VIIRS,NASA
82222,22.59142,120.38808,304.07,0.36,0.58,2023/12/8,1700000,NPP,nominal,0.76,VIIRS,NASA
82223,22.58607,120.3874,298.99,0.36,0.58,2023/12/8,1700000,NPP,nominal,0.76,VIIRS,NASA
82220,23.85193,120.44296,326.38,0.32,0.55,2023/12/8,431000,NPP,nominal,0.79,VIIRS,NASA
82215,23.39668,120.19801,309.77,1.03,1.01,2023/12/7,546000,aquadb,39,3.51,MODIS,NASA
82216,23.39532,120.18812,349.52,1.03,1.01,2023/12/7,546000,aquadb,96,58.49,MODIS,NASA
82211,24.72577,120.99323,299.73,0.38,0.36,2023/12/6,1736000,NPP,nominal,0.65,VIIRS,NASA
82212,23.82334,120.4563,307.06,0.39,0.36,2023/12/6,1738000,NPP,nominal,0.71,VIIRS,NASA
82199,23.877315,120.303165,296.86,0.48,0.48,2023/12/2,1711000,NPP,nominal,0.61,VIIRS,NASA
82200,23.82211,120.45355,302.48,0.47,0.48,2023/12/2,1711000,NPP,nominal,0.55,VIIRS,NASA
82201,23.697375,120.391965,299.97,0.47,0.48,2023/12/2,1711000,NPP,nominal,0.73,VIIRS,NASA
82198,23.56444,120.35418,327.95,0.43,0.46,2023/12/2,444000,NPP,nominal,1.52,VIIRS,NASA
82192,23.016,120.31367,301.23,0.44,0.38,2023/11/30,1749000,NPP,nominal,0.72,VIIRS,NASA
82185,23.27877,120.35908,295.93,0.59,0.7,2023/11/28,1645000,NPP,nominal,2.92,VIIRS,NASA
82186,23.27264,120.35244,311.4,0.59,0.7,2023/11/28,1645000,NPP,nominal,2.92,VIIRS,NASA
82183,22.033663,120.737453,305.46,1.08,1.04,2023/11/28,1815000,aquadb,31,7.41,MODIS,NASA
82189,22.02716,120.73742,324.77,0.57,0.69,2023/11/28,1828000,NPP,nominal,4.27,VIIRS,NASA
82182,23.27663,120.36312,307.15,1.03,1.01,2023/11/28,1815000,aquadb,70,8.67,MODIS,NASA
82187,23.272895,120.35896,313.01,0.59,0.7,2023/11/28,1645000,NPP,nominal,5.38,VIIRS,NASA
82188,22.02938,120.73593,347.01,0.54,0.68,2023/11/28,1647000,NPP,nominal,6.19,VIIRS,NASA
82173,23.77232,120.25976,300.74,0.48,0.4,2023/11/26,1724000,NPP,nominal,0.6,VIIRS,NASA
82172,24.0324,120.38828,331.57,0.44,0.38,2023/11/26,457000,NPP,nominal,2.98,VIIRS,NASA
82171,23.84637,120.52881,325.67,0.43,0.38,2023/11/26,457000,NPP,low,1.75,VIIRS,NASA
82163,23.82367,120.45396,311.36,0.39,0.36,2023/11/25,1743000,NPP,nominal,0.75,VIIRS,NASA
82166,22.97777,120.24122,319.94,0.39,0.36,2023/11/25,1743000,NPP,nominal,1.56,VIIRS,NASA
82155,24.831807,120.959742,315.68,1.01,1.01,2023/11/25,516000,aquadb,64,9.98,MODIS,NASA
82162,24.51154,120.775085,331.62,0.42,0.38,2023/11/25,516000,NPP,nominal,2.61,VIIRS,NASA
82161,23.86671,120.4744,325.9,0.41,0.37,2023/11/25,516000,NPP,low,0.6,VIIRS,NASA
82160,23.80112,120.60431,338.22,0.41,0.37,2023/11/25,516000,NPP,nominal,3.67,VIIRS,NASA
82159,23.79881,120.61296,325.81,0.41,0.37,2023/11/25,516000,NPP,low,1.72,VIIRS,NASA
82158,23.47802,120.30915,337.33,0.4,0.37,2023/11/25,516000,NPP,nominal,24.94,VIIRS,NASA
82155,24.831,120.96,315.7,1,1,2023/11/25,53429000,AQUA,64,9.9,MODIS,CWB
82156,24.82912,120.950013,311.12,1.01,1.01,2023/11/25,53429000,aquadb,46,6.29,MODIS,NASA
82153,24.51547,120.79997,342.95,0.5,0.49,2023/11/24,533000,NPP,nominal,8.37,VIIRS,NASA
82152,24.26121,120.58047,339.39,0.48,0.48,2023/11/24,533000,NPP,nominal,7.03,VIIRS,NASA
82151,23.7835,120.63175,325.13,0.48,0.48,2023/11/24,533000,NPP,low,2.1,VIIRS,NASA
82135,23.85982,120.47105,325.69,0.32,0.55,2023/11/22,431000,NPP,low,1.23,VIIRS,NASA
82141,23.8241,120.45631,302.65,0.37,0.58,2023/11/22,1700000,NPP,nominal,0.38,VIIRS,NASA
82142,23.64877,120.36559,298.67,0.37,0.58,2023/11/22,1700000,NPP,nominal,0.34,VIIRS,NASA
82143,22.87782,121.2093,298.8,0.32,0.55,2023/11/22,1700000,NPP,nominal,0.16,VIIRS,NASA
82135,23.85982,120.47105,325.69,0.32,0.55,2023/11/22,431000,NPP,low,1.23,VIIRS,NASA
82141,23.8241,120.45631,302.65,0.37,0.58,2023/11/22,1700000,NPP,nominal,0.38,VIIRS,NASA
82142,23.64877,120.36559,298.67,0.37,0.58,2023/11/22,1700000,NPP,nominal,0.34,VIIRS,NASA
82143,22.87782,121.2093,298.8,0.32,0.55,2023/11/22,1700000,NPP,nominal,0.16,VIIRS,NASA
82135,23.85982,120.47105,325.69,0.32,0.55,2023/11/22,431000,NPP,low,1.23,VIIRS,NASA
82141,23.8241,120.45631,302.65,0.37,0.58,2023/11/22,1700000,NPP,nominal,0.38,VIIRS,NASA
82142,23.64877,120.36559,298.67,0.37,0.58,2023/11/22,1700000,NPP,nominal,0.34,VIIRS,NASA
82143,22.87782,121.2093,298.8,0.32,0.55,2023/11/22,1700000,NPP,nominal,0.16,VIIRS,NASA
82135,23.85982,120.47105,325.69,0.32,0.55,2023/11/22,431000,NPP,low,1.23,VIIRS,NASA
82141,23.8241,120.45631,302.65,0.37,0.58,2023/11/22,1700000,NPP,nominal,0.38,VIIRS,NASA
82142,23.64877,120.36559,298.67,0.37,0.58,2023/11/22,1700000,NPP,nominal,0.34,VIIRS,NASA
82143,22.87782,121.2093,298.8,0.32,0.55,2023/11/22,1700000,NPP,nominal,0.16,VIIRS,NASA
82135,23.85982,120.47105,325.69,0.32,0.55,2023/11/22,431000,NPP,low,1.23,VIIRS,NASA
82141,23.8241,120.45631,302.65,0.37,0.58,2023/11/22,1700000,NPP,nominal,0.38,VIIRS,NASA
82142,23.64877,120.36559,298.67,0.37,0.58,2023/11/22,1700000,NPP,nominal,0.34,VIIRS,NASA
82143,22.87782,121.2093,298.8,0.32,0.55,2023/11/22,1700000,NPP,nominal,0.16,VIIRS,NASA
82135,23.85982,120.47105,325.69,0.32,0.55,2023/11/22,431000,NPP,low,1.23,VIIRS,NASA
82141,23.8241,120.45631,302.65,0.37,0.58,2023/11/22,1700000,NPP,nominal,0.38,VIIRS,NASA
82142,23.64877,120.36559,298.67,0.37,0.58,2023/11/22,1700000,NPP,nominal,0.34,VIIRS,NASA
82143,22.87782,121.2093,298.8,0.32,0.55,2023/11/22,1700000,NPP,nominal,0.16,VIIRS,NASA
82135,23.85982,120.47105,325.69,0.32,0.55,2023/11/22,431000,NPP,low,1.23,VIIRS,NASA
82141,23.8241,120.45631,302.65,0.37,0.58,2023/11/22,1700000,NPP,nominal,0.38,VIIRS,NASA
82142,23.64877,120.36559,298.67,0.37,0.58,2023/11/22,1700000,NPP,nominal,0.34,VIIRS,NASA
82143,22.87782,121.2093,298.8,0.32,0.55,2023/11/22,1700000,NPP,nominal,0.16,VIIRS,NASA
82135,23.85982,120.47105,325.69,0.32,0.55,2023/11/22,431000,NPP,low,1.23,VIIRS,NASA
82141,23.8241,120.45631,302.65,0.37,0.58,2023/11/22,1700000,NPP,nominal,0.38,VIIRS,NASA
82142,23.64877,120.36559,298.67,0.37,0.58,2023/11/22,1700000,NPP,nominal,0.34,VIIRS,NASA
82143,22.87782,121.2093,298.8,0.32,0.55,2023/11/22,1700000,NPP,nominal,0.16,VIIRS,NASA
82135,23.85982,120.47105,325.69,0.32,0.55,2023/11/22,431000,NPP,low,1.23,VIIRS,NASA
82141,23.8241,120.45631,302.65,0.37,0.58,2023/11/22,1700000,NPP,nominal,0.38,VIIRS,NASA
82142,23.64877,120.36559,298.67,0.37,0.58,2023/11/22,1700000,NPP,nominal,0.34,VIIRS,NASA
82143,22.87782,121.2093,298.8,0.32,0.55,2023/11/22,1700000,NPP,nominal,0.16,VIIRS,NASA
82135,23.85982,120.47105,325.69,0.32,0.55,2023/11/22,431000,NPP,low,1.23,VIIRS,NASA
82141,23.8241,120.45631,302.65,0.37,0.58,2023/11/22,1700000,NPP,nominal,0.38,VIIRS,NASA
82142,23.64877,120.36559,298.67,0.37,0.58,2023/11/22,1700000,NPP,nominal,0.34,VIIRS,NASA
82143,22.87782,121.2093,298.8,0.32,0.55,2023/11/22,1700000,NPP,nominal,0.16,VIIRS,NASA
82127,24.58353,120.80254,326.23,0.48,0.4,2023/11/21,450000,NPP,nominal,2.07,VIIRS,NASA
82128,24.58208,120.80659,301.56,0.55,0.43,2023/11/21,1717000,NPP,nominal,0.91,VIIRS,NASA
82126,23.117205,120.26199,328.01,0.54,0.42,2023/11/21,450000,NPP,low,1.87,VIIRS,NASA
82125,22.64417,120.286635,332.78,0.54,0.42,2023/11/21,450000,NPP,nominal,4.5,VIIRS,NASA
82127,24.58353,120.80254,326.23,0.48,0.4,2023/11/21,450000,NPP,nominal,2.07,VIIRS,NASA
82128,24.58208,120.80659,301.56,0.55,0.43,2023/11/21,1717000,NPP,nominal,0.91,VIIRS,NASA
82126,23.117205,120.26199,328.01,0.54,0.42,2023/11/21,450000,NPP,low,1.87,VIIRS,NASA
82125,22.64417,120.286635,332.78,0.54,0.42,2023/11/21,450000,NPP,nominal,4.5,VIIRS,NASA
82127,24.58353,120.80254,326.23,0.48,0.4,2023/11/21,450000,NPP,nominal,2.07,VIIRS,NASA
82128,24.58208,120.80659,301.56,0.55,0.43,2023/11/21,1717000,NPP,nominal,0.91,VIIRS,NASA
82126,23.117205,120.26199,328.01,0.54,0.42,2023/11/21,450000,NPP,low,1.87,VIIRS,NASA
82125,22.64417,120.286635,332.78,0.54,0.42,2023/11/21,450000,NPP,nominal,4.5,VIIRS,NASA
82127,24.58353,120.80254,326.23,0.48,0.4,2023/11/21,450000,NPP,nominal,2.07,VIIRS,NASA
82128,24.58208,120.80659,301.56,0.55,0.43,2023/11/21,1717000,NPP,nominal,0.91,VIIRS,NASA
82126,23.117205,120.26199,328.01,0.54,0.42,2023/11/21,450000,NPP,low,1.87,VIIRS,NASA
82125,22.64417,120.286635,332.78,0.54,0.42,2023/11/21,450000,NPP,nominal,4.5,VIIRS,NASA
82127,24.58353,120.80254,326.23,0.48,0.4,2023/11/21,450000,NPP,nominal,2.07,VIIRS,NASA
82128,24.58208,120.80659,301.56,0.55,0.43,2023/11/21,1717000,NPP,nominal,0.91,VIIRS,NASA
82126,23.117205,120.26199,328.01,0.54,0.42,2023/11/21,450000,NPP,low,1.87,VIIRS,NASA
82125,22.64417,120.286635,332.78,0.54,0.42,2023/11/21,450000,NPP,nominal,4.5,VIIRS,NASA
82127,24.58353,120.80254,326.23,0.48,0.4,2023/11/21,450000,NPP,nominal,2.07,VIIRS,NASA
82128,24.58208,120.80659,301.56,0.55,0.43,2023/11/21,1717000,NPP,nominal,0.91,VIIRS,NASA
82126,23.117205,120.26199,328.01,0.54,0.42,2023/11/21,450000,NPP,low,1.87,VIIRS,NASA
82125,22.64417,120.286635,332.78,0.54,0.42,2023/11/21,450000,NPP,nominal,4.5,VIIRS,NASA
82127,24.58353,120.80254,326.23,0.48,0.4,2023/11/21,450000,NPP,nominal,2.07,VIIRS,NASA
82128,24.58208,120.80659,301.56,0.55,0.43,2023/11/21,1717000,NPP,nominal,0.91,VIIRS,NASA
82126,23.117205,120.26199,328.01,0.54,0.42,2023/11/21,450000,NPP,low,1.87,VIIRS,NASA
82125,22.64417,120.286635,332.78,0.54,0.42,2023/11/21,450000,NPP,nominal,4.5,VIIRS,NASA
82127,24.58353,120.80254,326.23,0.48,0.4,2023/11/21,450000,NPP,nominal,2.07,VIIRS,NASA
82128,24.58208,120.80659,301.56,0.55,0.43,2023/11/21,1717000,NPP,nominal,0.91,VIIRS,NASA
82126,23.117205,120.26199,328.01,0.54,0.42,2023/11/21,450000,NPP,low,1.87,VIIRS,NASA
82125,22.64417,120.286635,332.78,0.54,0.42,2023/11/21,450000,NPP,nominal,4.5,VIIRS,NASA
82127,24.58353,120.80254,326.23,0.48,0.4,2023/11/21,450000,NPP,nominal,2.07,VIIRS,NASA
82128,24.58208,120.80659,301.56,0.55,0.43,2023/11/21,1717000,NPP,nominal,0.91,VIIRS,NASA
82126,23.117205,120.26199,328.01,0.54,0.42,2023/11/21,450000,NPP,low,1.87,VIIRS,NASA
82125,22.64417,120.286635,332.78,0.54,0.42,2023/11/21,450000,NPP,nominal,4.5,VIIRS,NASA
82127,24.58353,120.80254,326.23,0.48,0.4,2023/11/21,450000,NPP,nominal,2.07,VIIRS,NASA
82128,24.58208,120.80659,301.56,0.55,0.43,2023/11/21,1717000,NPP,nominal,0.91,VIIRS,NASA
82126,23.117205,120.26199,328.01,0.54,0.42,2023/11/21,450000,NPP,low,1.87,VIIRS,NASA
82125,22.64417,120.286635,332.78,0.54,0.42,2023/11/21,450000,NPP,nominal,4.5,VIIRS,NASA
82115,24.58373,120.80373,345.32,0.39,0.36,2023/11/20,510000,NPP,nominal,36.46,VIIRS,NASA
82116,24.58178,120.8058,329.43,0.38,0.36,2023/11/20,1738000,NPP,nominal,3.87,VIIRS,NASA
82115,24.58373,120.80373,345.32,0.39,0.36,2023/11/20,510000,NPP,nominal,36.46,VIIRS,NASA
82116,24.58178,120.8058,329.43,0.38,0.36,2023/11/20,1738000,NPP,nominal,3.87,VIIRS,NASA
82115,24.58373,120.80373,345.32,0.39,0.36,2023/11/20,510000,NPP,nominal,36.46,VIIRS,NASA
82116,24.58178,120.8058,329.43,0.38,0.36,2023/11/20,1738000,NPP,nominal,3.87,VIIRS,NASA
82115,24.58373,120.80373,345.32,0.39,0.36,2023/11/20,510000,NPP,nominal,36.46,VIIRS,NASA
82116,24.58178,120.8058,329.43,0.38,0.36,2023/11/20,1738000,NPP,nominal,3.87,VIIRS,NASA
82115,24.58373,120.80373,345.32,0.39,0.36,2023/11/20,510000,NPP,nominal,36.46,VIIRS,NASA
82116,24.58178,120.8058,329.43,0.38,0.36,2023/11/20,1738000,NPP,nominal,3.87,VIIRS,NASA
82115,24.58373,120.80373,345.32,0.39,0.36,2023/11/20,510000,NPP,nominal,36.46,VIIRS,NASA
82116,24.58178,120.8058,329.43,0.38,0.36,2023/11/20,1738000,NPP,nominal,3.87,VIIRS,NASA
82115,24.58373,120.80373,345.32,0.39,0.36,2023/11/20,510000,NPP,nominal,36.46,VIIRS,NASA
82116,24.58178,120.8058,329.43,0.38,0.36,2023/11/20,1738000,NPP,nominal,3.87,VIIRS,NASA
82115,24.58373,120.80373,345.32,0.39,0.36,2023/11/20,510000,NPP,nominal,36.46,VIIRS,NASA
82116,24.58178,120.8058,329.43,0.38,0.36,2023/11/20,1738000,NPP,nominal,3.87,VIIRS,NASA
82115,24.58373,120.80373,345.32,0.39,0.36,2023/11/20,510000,NPP,nominal,36.46,VIIRS,NASA
82116,24.58178,120.8058,329.43,0.38,0.36,2023/11/20,1738000,NPP,nominal,3.87,VIIRS,NASA
82115,24.58373,120.80373,345.32,0.39,0.36,2023/11/20,510000,NPP,nominal,36.46,VIIRS,NASA
82116,24.58178,120.8058,329.43,0.38,0.36,2023/11/20,1738000,NPP,nominal,3.87,VIIRS,NASA
82111,24.06528,120.63128,337.25,0.39,0.44,2023/11/19,527000,NPP,nominal,2.81,VIIRS,NASA
82110,23.85426,120.47219,326.1,0.57,0.43,2023/11/19,527000,NPP,nominal,1.71,VIIRS,NASA
82109,23.601335,120.175,327.38,0.54,0.42,2023/11/19,527000,NPP,nominal,3.65,VIIRS,NASA
82111,24.06528,120.63128,337.25,0.39,0.44,2023/11/19,527000,NPP,nominal,2.81,VIIRS,NASA
82110,23.85426,120.47219,326.1,0.57,0.43,2023/11/19,527000,NPP,nominal,1.71,VIIRS,NASA
82109,23.601335,120.175,327.38,0.54,0.42,2023/11/19,527000,NPP,nominal,3.65,VIIRS,NASA
82111,24.06528,120.63128,337.25,0.39,0.44,2023/11/19,527000,NPP,nominal,2.81,VIIRS,NASA
82110,23.85426,120.47219,326.1,0.57,0.43,2023/11/19,527000,NPP,nominal,1.71,VIIRS,NASA
82109,23.601335,120.175,327.38,0.54,0.42,2023/11/19,527000,NPP,nominal,3.65,VIIRS,NASA
82111,24.06528,120.63128,337.25,0.39,0.44,2023/11/19,527000,NPP,nominal,2.81,VIIRS,NASA
82110,23.85426,120.47219,326.1,0.57,0.43,2023/11/19,527000,NPP,nominal,1.71,VIIRS,NASA
82109,23.601335,120.175,327.38,0.54,0.42,2023/11/19,527000,NPP,nominal,3.65,VIIRS,NASA
82111,24.06528,120.63128,337.25,0.39,0.44,2023/11/19,527000,NPP,nominal,2.81,VIIRS,NASA
82110,23.85426,120.47219,326.1,0.57,0.43,2023/11/19,527000,NPP,nominal,1.71,VIIRS,NASA
82109,23.601335,120.175,327.38,0.54,0.42,2023/11/19,527000,NPP,nominal,3.65,VIIRS,NASA
82111,24.06528,120.63128,337.25,0.39,0.44,2023/11/19,527000,NPP,nominal,2.81,VIIRS,NASA
82110,23.85426,120.47219,326.1,0.57,0.43,2023/11/19,527000,NPP,nominal,1.71,VIIRS,NASA
82109,23.601335,120.175,327.38,0.54,0.42,2023/11/19,527000,NPP,nominal,3.65,VIIRS,NASA
82111,24.06528,120.63128,337.25,0.39,0.44,2023/11/19,527000,NPP,nominal,2.81,VIIRS,NASA
82110,23.85426,120.47219,326.1,0.57,0.43,2023/11/19,527000,NPP,nominal,1.71,VIIRS,NASA
82109,23.601335,120.175,327.38,0.54,0.42,2023/11/19,527000,NPP,nominal,3.65,VIIRS,NASA
82111,24.06528,120.63128,337.25,0.39,0.44,2023/11/19,527000,NPP,nominal,2.81,VIIRS,NASA
82110,23.85426,120.47219,326.1,0.57,0.43,2023/11/19,527000,NPP,nominal,1.71,VIIRS,NASA
82109,23.601335,120.175,327.38,0.54,0.42,2023/11/19,527000,NPP,nominal,3.65,VIIRS,NASA
82111,24.06528,120.63128,337.25,0.39,0.44,2023/11/19,527000,NPP,nominal,2.81,VIIRS,NASA
82110,23.85426,120.47219,326.1,0.57,0.43,2023/11/19,527000,NPP,nominal,1.71,VIIRS,NASA
82109,23.601335,120.175,327.38,0.54,0.42,2023/11/19,527000,NPP,nominal,3.65,VIIRS,NASA
82111,24.06528,120.63128,337.25,0.39,0.44,2023/11/19,527000,NPP,nominal,2.81,VIIRS,NASA
82110,23.85426,120.47219,326.1,0.57,0.43,2023/11/19,527000,NPP,nominal,1.71,VIIRS,NASA
82109,23.601335,120.175,327.38,0.54,0.42,2023/11/19,527000,NPP,nominal,3.65,VIIRS,NASA
82106,23.82397,120.45467,296.61,0.32,0.55,2023/11/18,1815000,NPP,nominal,0.27,VIIRS,NASA
82106,23.82397,120.45467,296.61,0.32,0.55,2023/11/18,1815000,NPP,nominal,0.27,VIIRS,NASA
82106,23.82397,120.45467,296.61,0.32,0.55,2023/11/18,1815000,NPP,nominal,0.27,VIIRS,NASA
82106,23.82397,120.45467,296.61,0.32,0.55,2023/11/18,1815000,NPP,nominal,0.27,VIIRS,NASA
82106,23.82397,120.45467,296.61,0.32,0.55,2023/11/18,1815000,NPP,nominal,0.27,VIIRS,NASA
82106,23.82397,120.45467,296.61,0.32,0.55,2023/11/18,1815000,NPP,nominal,0.27,VIIRS,NASA
82106,23.82397,120.45467,296.61,0.32,0.55,2023/11/18,1815000,NPP,nominal,0.27,VIIRS,NASA
82106,23.82397,120.45467,296.61,0.32,0.55,2023/11/18,1815000,NPP,nominal,0.27,VIIRS,NASA
82106,23.82397,120.45467,296.61,0.32,0.55,2023/11/18,1815000,NPP,nominal,0.27,VIIRS,NASA
82106,23.82397,120.45467,296.61,0.32,0.55,2023/11/18,1815000,NPP,nominal,0.27,VIIRS,NASA
82102,24.98127,121.38896,296.8,0.42,0.61,2023/11/17,1652000,NPP,nominal,0.68,VIIRS,NASA
82102,24.98127,121.38896,296.8,0.42,0.61,2023/11/17,1652000,NPP,nominal,0.68,VIIRS,NASA
82102,24.98127,121.38896,296.8,0.42,0.61,2023/11/17,1652000,NPP,nominal,0.68,VIIRS,NASA
82102,24.98127,121.38896,296.8,0.42,0.61,2023/11/17,1652000,NPP,nominal,0.68,VIIRS,NASA
82102,24.98127,121.38896,296.8,0.42,0.61,2023/11/17,1652000,NPP,nominal,0.68,VIIRS,NASA
82102,24.98127,121.38896,296.8,0.42,0.61,2023/11/17,1652000,NPP,nominal,0.68,VIIRS,NASA
82102,24.98127,121.38896,296.8,0.42,0.61,2023/11/17,1652000,NPP,nominal,0.68,VIIRS,NASA
82102,24.98127,121.38896,296.8,0.42,0.61,2023/11/17,1652000,NPP,nominal,0.68,VIIRS,NASA
82102,24.98127,121.38896,296.8,0.42,0.61,2023/11/17,1652000,NPP,nominal,0.68,VIIRS,NASA
82102,24.98127,121.38896,296.8,0.42,0.61,2023/11/17,1652000,NPP,nominal,0.68,VIIRS,NASA
82100,23.82196,120.4547,295.54,0.47,0.48,2023/11/16,1711000,NPP,nominal,0.38,VIIRS,NASA
82101,23.60274,120.18207,298,0.48,0.48,2023/11/16,1711000,NPP,nominal,0.32,VIIRS,NASA
82100,23.82196,120.4547,295.54,0.47,0.48,2023/11/16,1711000,NPP,nominal,0.38,VIIRS,NASA
82101,23.60274,120.18207,298,0.48,0.48,2023/11/16,1711000,NPP,nominal,0.32,VIIRS,NASA
82100,23.82196,120.4547,295.54,0.47,0.48,2023/11/16,1711000,NPP,nominal,0.38,VIIRS,NASA
82101,23.60274,120.18207,298,0.48,0.48,2023/11/16,1711000,NPP,nominal,0.32,VIIRS,NASA
82100,23.82196,120.4547,295.54,0.47,0.48,2023/11/16,1711000,NPP,nominal,0.38,VIIRS,NASA
82101,23.60274,120.18207,298,0.48,0.48,2023/11/16,1711000,NPP,nominal,0.32,VIIRS,NASA
82100,23.82196,120.4547,295.54,0.47,0.48,2023/11/16,1711000,NPP,nominal,0.38,VIIRS,NASA
82101,23.60274,120.18207,298,0.48,0.48,2023/11/16,1711000,NPP,nominal,0.32,VIIRS,NASA
82100,23.82196,120.4547,295.54,0.47,0.48,2023/11/16,1711000,NPP,nominal,0.38,VIIRS,NASA
82101,23.60274,120.18207,298,0.48,0.48,2023/11/16,1711000,NPP,nominal,0.32,VIIRS,NASA
82100,23.82196,120.4547,295.54,0.47,0.48,2023/11/16,1711000,NPP,nominal,0.38,VIIRS,NASA
82101,23.60274,120.18207,298,0.48,0.48,2023/11/16,1711000,NPP,nominal,0.32,VIIRS,NASA
82100,23.82196,120.4547,295.54,0.47,0.48,2023/11/16,1711000,NPP,nominal,0.38,VIIRS,NASA
82101,23.60274,120.18207,298,0.48,0.48,2023/11/16,1711000,NPP,nominal,0.32,VIIRS,NASA
82100,23.82196,120.4547,295.54,0.47,0.48,2023/11/16,1711000,NPP,nominal,0.38,VIIRS,NASA
82101,23.60274,120.18207,298,0.48,0.48,2023/11/16,1711000,NPP,nominal,0.32,VIIRS,NASA
82100,23.82196,120.4547,295.54,0.47,0.48,2023/11/16,1711000,NPP,nominal,0.38,VIIRS,NASA
82101,23.60274,120.18207,298,0.48,0.48,2023/11/16,1711000,NPP,nominal,0.32,VIIRS,NASA
82092,23.41452,120.29686,333.72,0.4,0.37,2023/11/15,503000,NPP,nominal,3.64,VIIRS,NASA
82092,23.41452,120.29686,333.72,0.4,0.37,2023/11/15,503000,NPP,nominal,3.64,VIIRS,NASA
82092,23.41452,120.29686,333.72,0.4,0.37,2023/11/15,503000,NPP,nominal,3.64,VIIRS,NASA
82092,23.41452,120.29686,333.72,0.4,0.37,2023/11/15,503000,NPP,nominal,3.64,VIIRS,NASA
82092,23.41452,120.29686,333.72,0.4,0.37,2023/11/15,503000,NPP,nominal,3.64,VIIRS,NASA
82092,23.41452,120.29686,333.72,0.4,0.37,2023/11/15,503000,NPP,nominal,3.64,VIIRS,NASA
82092,23.41452,120.29686,333.72,0.4,0.37,2023/11/15,503000,NPP,nominal,3.64,VIIRS,NASA
82092,23.41452,120.29686,333.72,0.4,0.37,2023/11/15,503000,NPP,nominal,3.64,VIIRS,NASA
82092,23.41452,120.29686,333.72,0.4,0.37,2023/11/15,503000,NPP,nominal,3.64,VIIRS,NASA
82092,23.41452,120.29686,333.72,0.4,0.37,2023/11/15,503000,NPP,nominal,3.64,VIIRS,NASA
82086,23.38355,120.18368,303.21,0.43,0.38,2023/11/14,1749000,NPP,nominal,0.51,VIIRS,NASA
82087,22.93817,120.26332,299.63,0.44,0.38,2023/11/14,1749000,NPP,nominal,0.39,VIIRS,NASA
82084,22.4922,120.40919,330.14,0.45,0.39,2023/11/14,522000,NPP,nominal,3.27,VIIRS,NASA
82086,23.38355,120.18368,303.21,0.43,0.38,2023/11/14,1749000,NPP,nominal,0.51,VIIRS,NASA
82087,22.93817,120.26332,299.63,0.44,0.38,2023/11/14,1749000,NPP,nominal,0.39,VIIRS,NASA
82084,22.4922,120.40919,330.14,0.45,0.39,2023/11/14,522000,NPP,nominal,3.27,VIIRS,NASA
82086,23.38355,120.18368,303.21,0.43,0.38,2023/11/14,1749000,NPP,nominal,0.51,VIIRS,NASA
82087,22.93817,120.26332,299.63,0.44,0.38,2023/11/14,1749000,NPP,nominal,0.39,VIIRS,NASA
82084,22.4922,120.40919,330.14,0.45,0.39,2023/11/14,522000,NPP,nominal,3.27,VIIRS,NASA
82086,23.38355,120.18368,303.21,0.43,0.38,2023/11/14,1749000,NPP,nominal,0.51,VIIRS,NASA
82087,22.93817,120.26332,299.63,0.44,0.38,2023/11/14,1749000,NPP,nominal,0.39,VIIRS,NASA
82084,22.4922,120.40919,330.14,0.45,0.39,2023/11/14,522000,NPP,nominal,3.27,VIIRS,NASA
82086,23.38355,120.18368,303.21,0.43,0.38,2023/11/14,1749000,NPP,nominal,0.51,VIIRS,NASA
82087,22.93817,120.26332,299.63,0.44,0.38,2023/11/14,1749000,NPP,nominal,0.39,VIIRS,NASA
82084,22.4922,120.40919,330.14,0.45,0.39,2023/11/14,522000,NPP,nominal,3.27,VIIRS,NASA
82086,23.38355,120.18368,303.21,0.43,0.38,2023/11/14,1749000,NPP,nominal,0.51,VIIRS,NASA
82087,22.93817,120.26332,299.63,0.44,0.38,2023/11/14,1749000,NPP,nominal,0.39,VIIRS,NASA
82084,22.4922,120.40919,330.14,0.45,0.39,2023/11/14,522000,NPP,nominal,3.27,VIIRS,NASA
82086,23.38355,120.18368,303.21,0.43,0.38,2023/11/14,1749000,NPP,nominal,0.51,VIIRS,NASA
82087,22.93817,120.26332,299.63,0.44,0.38,2023/11/14,1749000,NPP,nominal,0.39,VIIRS,NASA
82084,22.4922,120.40919,330.14,0.45,0.39,2023/11/14,522000,NPP,nominal,3.27,VIIRS,NASA
82086,23.38355,120.18368,303.21,0.43,0.38,2023/11/14,1749000,NPP,nominal,0.51,VIIRS,NASA
82087,22.93817,120.26332,299.63,0.44,0.38,2023/11/14,1749000,NPP,nominal,0.39,VIIRS,NASA
82084,22.4922,120.40919,330.14,0.45,0.39,2023/11/14,522000,NPP,nominal,3.27,VIIRS,NASA
82086,23.38355,120.18368,303.21,0.43,0.38,2023/11/14,1749000,NPP,nominal,0.51,VIIRS,NASA
82087,22.93817,120.26332,299.63,0.44,0.38,2023/11/14,1749000,NPP,nominal,0.39,VIIRS,NASA
82084,22.4922,120.40919,330.14,0.45,0.39,2023/11/14,522000,NPP,nominal,3.27,VIIRS,NASA
82086,23.38355,120.18368,303.21,0.43,0.38,2023/11/14,1749000,NPP,nominal,0.51,VIIRS,NASA
82087,22.93817,120.26332,299.63,0.44,0.38,2023/11/14,1749000,NPP,nominal,0.39,VIIRS,NASA
82084,22.4922,120.40919,330.14,0.45,0.39,2023/11/14,522000,NPP,nominal,3.27,VIIRS,NASA
82081,23.85058,120.26194,309.99,0.6,0.71,2023/11/12,1645000,NPP,nominal,2.4,VIIRS,NASA
82083,23.84887,120.26385,310.79,0.49,0.65,2023/11/12,1828000,NPP,nominal,3.53,VIIRS,NASA
82082,23.84397,120.26134,315.92,0.6,0.71,2023/11/12,1645000,NPP,nominal,2.4,VIIRS,NASA
82081,23.85058,120.26194,309.99,0.6,0.71,2023/11/12,1645000,NPP,nominal,2.4,VIIRS,NASA
82083,23.84887,120.26385,310.79,0.49,0.65,2023/11/12,1828000,NPP,nominal,3.53,VIIRS,NASA
82082,23.84397,120.26134,315.92,0.6,0.71,2023/11/12,1645000,NPP,nominal,2.4,VIIRS,NASA
82081,23.85058,120.26194,309.99,0.6,0.71,2023/11/12,1645000,NPP,nominal,2.4,VIIRS,NASA
82083,23.84887,120.26385,310.79,0.49,0.65,2023/11/12,1828000,NPP,nominal,3.53,VIIRS,NASA
82082,23.84397,120.26134,315.92,0.6,0.71,2023/11/12,1645000,NPP,nominal,2.4,VIIRS,NASA
82081,23.85058,120.26194,309.99,0.6,0.71,2023/11/12,1645000,NPP,nominal,2.4,VIIRS,NASA
82083,23.84887,120.26385,310.79,0.49,0.65,2023/11/12,1828000,NPP,nominal,3.53,VIIRS,NASA
82082,23.84397,120.26134,315.92,0.6,0.71,2023/11/12,1645000,NPP,nominal,2.4,VIIRS,NASA
82081,23.85058,120.26194,309.99,0.6,0.71,2023/11/12,1645000,NPP,nominal,2.4,VIIRS,NASA
82083,23.84887,120.26385,310.79,0.49,0.65,2023/11/12,1828000,NPP,nominal,3.53,VIIRS,NASA
82082,23.84397,120.26134,315.92,0.6,0.71,2023/11/12,1645000,NPP,nominal,2.4,VIIRS,NASA
82081,23.85058,120.26194,309.99,0.6,0.71,2023/11/12,1645000,NPP,nominal,2.4,VIIRS,NASA
82083,23.84887,120.26385,310.79,0.49,0.65,2023/11/12,1828000,NPP,nominal,3.53,VIIRS,NASA
82082,23.84397,120.26134,315.92,0.6,0.71,2023/11/12,1645000,NPP,nominal,2.4,VIIRS,NASA
82081,23.85058,120.26194,309.99,0.6,0.71,2023/11/12,1645000,NPP,nominal,2.4,VIIRS,NASA
82083,23.84887,120.26385,310.79,0.49,0.65,2023/11/12,1828000,NPP,nominal,3.53,VIIRS,NASA
82082,23.84397,120.26134,315.92,0.6,0.71,2023/11/12,1645000,NPP,nominal,2.4,VIIRS,NASA
82081,23.85058,120.26194,309.99,0.6,0.71,2023/11/12,1645000,NPP,nominal,2.4,VIIRS,NASA
82083,23.84887,120.26385,310.79,0.49,0.65,2023/11/12,1828000,NPP,nominal,3.53,VIIRS,NASA
82082,23.84397,120.26134,315.92,0.6,0.71,2023/11/12,1645000,NPP,nominal,2.4,VIIRS,NASA
82081,23.85058,120.26194,309.99,0.6,0.71,2023/11/12,1645000,NPP,nominal,2.4,VIIRS,NASA
82083,23.84887,120.26385,310.79,0.49,0.65,2023/11/12,1828000,NPP,nominal,3.53,VIIRS,NASA
82082,23.84397,120.26134,315.92,0.6,0.71,2023/11/12,1645000,NPP,nominal,2.4,VIIRS,NASA
82081,23.85058,120.26194,309.99,0.6,0.71,2023/11/12,1645000,NPP,nominal,2.4,VIIRS,NASA
82083,23.84887,120.26385,310.79,0.49,0.65,2023/11/12,1828000,NPP,nominal,3.53,VIIRS,NASA
82082,23.84397,120.26134,315.92,0.6,0.71,2023/11/12,1645000,NPP,nominal,2.4,VIIRS,NASA
82076,24.31548,120.71185,300.25,0.58,0.52,2023/11/11,1706000,NPP,nominal,0.52,VIIRS,NASA
82077,23.82743,120.43208,300.49,0.59,0.53,2023/11/11,1706000,NPP,nominal,1.16,VIIRS,NASA
82075,23.82727,120.42878,344.81,0.52,0.5,2023/11/11,438000,NPP,nominal,7.25,VIIRS,NASA
82072,23.82123,120.43278,314,1.1,1,2023/11/11,54245000,AQUA,63,6.1,MODIS,CWB
82076,24.31548,120.71185,300.25,0.58,0.52,2023/11/11,1706000,NPP,nominal,0.52,VIIRS,NASA
82077,23.82743,120.43208,300.49,0.59,0.53,2023/11/11,1706000,NPP,nominal,1.16,VIIRS,NASA
82075,23.82727,120.42878,344.81,0.52,0.5,2023/11/11,438000,NPP,nominal,7.25,VIIRS,NASA
82072,23.82123,120.43278,314,1.1,1,2023/11/11,54245000,AQUA,63,6.1,MODIS,CWB
82076,24.31548,120.71185,300.25,0.58,0.52,2023/11/11,1706000,NPP,nominal,0.52,VIIRS,NASA
82077,23.82743,120.43208,300.49,0.59,0.53,2023/11/11,1706000,NPP,nominal,1.16,VIIRS,NASA
82075,23.82727,120.42878,344.81,0.52,0.5,2023/11/11,438000,NPP,nominal,7.25,VIIRS,NASA
82072,23.82123,120.43278,314,1.1,1,2023/11/11,54245000,AQUA,63,6.1,MODIS,CWB
82076,24.31548,120.71185,300.25,0.58,0.52,2023/11/11,1706000,NPP,nominal,0.52,VIIRS,NASA
82077,23.82743,120.43208,300.49,0.59,0.53,2023/11/11,1706000,NPP,nominal,1.16,VIIRS,NASA
82075,23.82727,120.42878,344.81,0.52,0.5,2023/11/11,438000,NPP,nominal,7.25,VIIRS,NASA
82072,23.82123,120.43278,314,1.1,1,2023/11/11,54245000,AQUA,63,6.1,MODIS,CWB
82076,24.31548,120.71185,300.25,0.58,0.52,2023/11/11,1706000,NPP,nominal,0.52,VIIRS,NASA
82077,23.82743,120.43208,300.49,0.59,0.53,2023/11/11,1706000,NPP,nominal,1.16,VIIRS,NASA
82075,23.82727,120.42878,344.81,0.52,0.5,2023/11/11,438000,NPP,nominal,7.25,VIIRS,NASA
82072,23.82123,120.43278,314,1.1,1,2023/11/11,54245000,AQUA,63,6.1,MODIS,CWB
82076,24.31548,120.71185,300.25,0.58,0.52,2023/11/11,1706000,NPP,nominal,0.52,VIIRS,NASA
82077,23.82743,120.43208,300.49,0.59,0.53,2023/11/11,1706000,NPP,nominal,1.16,VIIRS,NASA
82075,23.82727,120.42878,344.81,0.52,0.5,2023/11/11,438000,NPP,nominal,7.25,VIIRS,NASA
82072,23.82123,120.43278,314,1.1,1,2023/11/11,54245000,AQUA,63,6.1,MODIS,CWB
82076,24.31548,120.71185,300.25,0.58,0.52,2023/11/11,1706000,NPP,nominal,0.52,VIIRS,NASA
82077,23.82743,120.43208,300.49,0.59,0.53,2023/11/11,1706000,NPP,nominal,1.16,VIIRS,NASA
82075,23.82727,120.42878,344.81,0.52,0.5,2023/11/11,438000,NPP,nominal,7.25,VIIRS,NASA
82072,23.82123,120.43278,314,1.1,1,2023/11/11,54245000,AQUA,63,6.1,MODIS,CWB
82076,24.31548,120.71185,300.25,0.58,0.52,2023/11/11,1706000,NPP,nominal,0.52,VIIRS,NASA
82077,23.82743,120.43208,300.49,0.59,0.53,2023/11/11,1706000,NPP,nominal,1.16,VIIRS,NASA
82075,23.82727,120.42878,344.81,0.52,0.5,2023/11/11,438000,NPP,nominal,7.25,VIIRS,NASA
82072,23.82123,120.43278,314,1.1,1,2023/11/11,54245000,AQUA,63,6.1,MODIS,CWB
82076,24.31548,120.71185,300.25,0.58,0.52,2023/11/11,1706000,NPP,nominal,0.52,VIIRS,NASA
82077,23.82743,120.43208,300.49,0.59,0.53,2023/11/11,1706000,NPP,nominal,1.16,VIIRS,NASA
82075,23.82727,120.42878,344.81,0.52,0.5,2023/11/11,438000,NPP,nominal,7.25,VIIRS,NASA
82072,23.82123,120.43278,314,1.1,1,2023/11/11,54245000,AQUA,63,6.1,MODIS,CWB
82076,24.31548,120.71185,300.25,0.58,0.52,2023/11/11,1706000,NPP,nominal,0.52,VIIRS,NASA
82077,23.82743,120.43208,300.49,0.59,0.53,2023/11/11,1706000,NPP,nominal,1.16,VIIRS,NASA
82075,23.82727,120.42878,344.81,0.52,0.5,2023/11/11,438000,NPP,nominal,7.25,VIIRS,NASA
82072,23.82123,120.43278,314,1.1,1,2023/11/11,54245000,AQUA,63,6.1,MODIS,CWB
82069,24.2082,120.49564,332.31,0.43,0.38,2023/11/10,457000,NPP,nominal,1.22,VIIRS,NASA
82068,24.1741,120.65442,335.21,0.43,0.38,2023/11/10,457000,NPP,nominal,2.03,VIIRS,NASA
82067,23.58853,120.43047,340.42,0.44,0.38,2023/11/10,455000,NPP,nominal,3.15,VIIRS,NASA
82069,24.2082,120.49564,332.31,0.43,0.38,2023/11/10,457000,NPP,nominal,1.22,VIIRS,NASA
82068,24.1741,120.65442,335.21,0.43,0.38,2023/11/10,457000,NPP,nominal,2.03,VIIRS,NASA
82067,23.58853,120.43047,340.42,0.44,0.38,2023/11/10,455000,NPP,nominal,3.15,VIIRS,NASA
82069,24.2082,120.49564,332.31,0.43,0.38,2023/11/10,457000,NPP,nominal,1.22,VIIRS,NASA
82068,24.1741,120.65442,335.21,0.43,0.38,2023/11/10,457000,NPP,nominal,2.03,VIIRS,NASA
82067,23.58853,120.43047,340.42,0.44,0.38,2023/11/10,455000,NPP,nominal,3.15,VIIRS,NASA
82069,24.2082,120.49564,332.31,0.43,0.38,2023/11/10,457000,NPP,nominal,1.22,VIIRS,NASA
82068,24.1741,120.65442,335.21,0.43,0.38,2023/11/10,457000,NPP,nominal,2.03,VIIRS,NASA
82067,23.58853,120.43047,340.42,0.44,0.38,2023/11/10,455000,NPP,nominal,3.15,VIIRS,NASA
82069,24.2082,120.49564,332.31,0.43,0.38,2023/11/10,457000,NPP,nominal,1.22,VIIRS,NASA
82068,24.1741,120.65442,335.21,0.43,0.38,2023/11/10,457000,NPP,nominal,2.03,VIIRS,NASA
82067,23.58853,120.43047,340.42,0.44,0.38,2023/11/10,455000,NPP,nominal,3.15,VIIRS,NASA
82069,24.2082,120.49564,332.31,0.43,0.38,2023/11/10,457000,NPP,nominal,1.22,VIIRS,NASA
82068,24.1741,120.65442,335.21,0.43,0.38,2023/11/10,457000,NPP,nominal,2.03,VIIRS,NASA
82067,23.58853,120.43047,340.42,0.44,0.38,2023/11/10,455000,NPP,nominal,3.15,VIIRS,NASA
82069,24.2082,120.49564,332.31,0.43,0.38,2023/11/10,457000,NPP,nominal,1.22,VIIRS,NASA
82068,24.1741,120.65442,335.21,0.43,0.38,2023/11/10,457000,NPP,nominal,2.03,VIIRS,NASA
82067,23.58853,120.43047,340.42,0.44,0.38,2023/11/10,455000,NPP,nominal,3.15,VIIRS,NASA
82069,24.2082,120.49564,332.31,0.43,0.38,2023/11/10,457000,NPP,nominal,1.22,VIIRS,NASA
82068,24.1741,120.65442,335.21,0.43,0.38,2023/11/10,457000,NPP,nominal,2.03,VIIRS,NASA
82067,23.58853,120.43047,340.42,0.44,0.38,2023/11/10,455000,NPP,nominal,3.15,VIIRS,NASA
82069,24.2082,120.49564,332.31,0.43,0.38,2023/11/10,457000,NPP,nominal,1.22,VIIRS,NASA
82068,24.1741,120.65442,335.21,0.43,0.38,2023/11/10,457000,NPP,nominal,2.03,VIIRS,NASA
82067,23.58853,120.43047,340.42,0.44,0.38,2023/11/10,455000,NPP,nominal,3.15,VIIRS,NASA
82069,24.2082,120.49564,332.31,0.43,0.38,2023/11/10,457000,NPP,nominal,1.22,VIIRS,NASA
82068,24.1741,120.65442,335.21,0.43,0.38,2023/11/10,457000,NPP,nominal,2.03,VIIRS,NASA
82067,23.58853,120.43047,340.42,0.44,0.38,2023/11/10,455000,NPP,nominal,3.15,VIIRS,NASA
82054,23.73712,120.6099,325.57,0.51,0.41,2023/11/5,450000,NPP,low,1.88,VIIRS,NASA
82058,23.13398,120.11344,310.48,0.39,0.44,2023/11/5,1717000,NPP,nominal,1.57,VIIRS,NASA
82054,23.73712,120.6099,325.57,0.51,0.41,2023/11/5,450000,NPP,low,1.88,VIIRS,NASA
82058,23.13398,120.11344,310.48,0.39,0.44,2023/11/5,1717000,NPP,nominal,1.57,VIIRS,NASA
82054,23.73712,120.6099,325.57,0.51,0.41,2023/11/5,450000,NPP,low,1.88,VIIRS,NASA
82058,23.13398,120.11344,310.48,0.39,0.44,2023/11/5,1717000,NPP,nominal,1.57,VIIRS,NASA
82054,23.73712,120.6099,325.57,0.51,0.41,2023/11/5,450000,NPP,low,1.88,VIIRS,NASA
82058,23.13398,120.11344,310.48,0.39,0.44,2023/11/5,1717000,NPP,nominal,1.57,VIIRS,NASA
82054,23.73712,120.6099,325.57,0.51,0.41,2023/11/5,450000,NPP,low,1.88,VIIRS,NASA
82058,23.13398,120.11344,310.48,0.39,0.44,2023/11/5,1717000,NPP,nominal,1.57,VIIRS,NASA
82054,23.73712,120.6099,325.57,0.51,0.41,2023/11/5,450000,NPP,low,1.88,VIIRS,NASA
82058,23.13398,120.11344,310.48,0.39,0.44,2023/11/5,1717000,NPP,nominal,1.57,VIIRS,NASA
82054,23.73712,120.6099,325.57,0.51,0.41,2023/11/5,450000,NPP,low,1.88,VIIRS,NASA
82058,23.13398,120.11344,310.48,0.39,0.44,2023/11/5,1717000,NPP,nominal,1.57,VIIRS,NASA
82054,23.73712,120.6099,325.57,0.51,0.41,2023/11/5,450000,NPP,low,1.88,VIIRS,NASA
82058,23.13398,120.11344,310.48,0.39,0.44,2023/11/5,1717000,NPP,nominal,1.57,VIIRS,NASA
82054,23.73712,120.6099,325.57,0.51,0.41,2023/11/5,450000,NPP,low,1.88,VIIRS,NASA
82058,23.13398,120.11344,310.48,0.39,0.44,2023/11/5,1717000,NPP,nominal,1.57,VIIRS,NASA
82054,23.73712,120.6099,325.57,0.51,0.41,2023/11/5,450000,NPP,low,1.88,VIIRS,NASA
82058,23.13398,120.11344,310.48,0.39,0.44,2023/11/5,1717000,NPP,nominal,1.57,VIIRS,NASA
82046,24.99028,121.10136,303.22,0.38,0.36,2023/11/4,1737000,NPP,nominal,0.57,VIIRS,NASA
82044,24.95233,121.3136,334.25,0.4,0.37,2023/11/4,510000,NPP,nominal,3.32,VIIRS,NASA
82040,24.33568,120.74183,328.2,1.3,1.13,2023/11/4,553000,aquadb,84,29.54,MODIS,NASA
82048,23.82406,120.45451,315.07,0.39,0.36,2023/11/4,1737000,NPP,nominal,1.06,VIIRS,NASA
82046,24.99028,121.10136,303.22,0.38,0.36,2023/11/4,1737000,NPP,nominal,0.57,VIIRS,NASA
82044,24.95233,121.3136,334.25,0.4,0.37,2023/11/4,510000,NPP,nominal,3.32,VIIRS,NASA
82040,24.33568,120.74183,328.2,1.3,1.13,2023/11/4,553000,aquadb,84,29.54,MODIS,NASA
82048,23.82406,120.45451,315.07,0.39,0.36,2023/11/4,1737000,NPP,nominal,1.06,VIIRS,NASA
82046,24.99028,121.10136,303.22,0.38,0.36,2023/11/4,1737000,NPP,nominal,0.57,VIIRS,NASA
82044,24.95233,121.3136,334.25,0.4,0.37,2023/11/4,510000,NPP,nominal,3.32,VIIRS,NASA
82040,24.33568,120.74183,328.2,1.3,1.13,2023/11/4,553000,aquadb,84,29.54,MODIS,NASA
82048,23.82406,120.45451,315.07,0.39,0.36,2023/11/4,1737000,NPP,nominal,1.06,VIIRS,NASA
82046,24.99028,121.10136,303.22,0.38,0.36,2023/11/4,1737000,NPP,nominal,0.57,VIIRS,NASA
82044,24.95233,121.3136,334.25,0.4,0.37,2023/11/4,510000,NPP,nominal,3.32,VIIRS,NASA
82040,24.33568,120.74183,328.2,1.3,1.13,2023/11/4,553000,aquadb,84,29.54,MODIS,NASA
82048,23.82406,120.45451,315.07,0.39,0.36,2023/11/4,1737000,NPP,nominal,1.06,VIIRS,NASA
82046,24.99028,121.10136,303.22,0.38,0.36,2023/11/4,1737000,NPP,nominal,0.57,VIIRS,NASA
82044,24.95233,121.3136,334.25,0.4,0.37,2023/11/4,510000,NPP,nominal,3.32,VIIRS,NASA
82040,24.33568,120.74183,328.2,1.3,1.13,2023/11/4,553000,aquadb,84,29.54,MODIS,NASA
82048,23.82406,120.45451,315.07,0.39,0.36,2023/11/4,1737000,NPP,nominal,1.06,VIIRS,NASA
82046,24.99028,121.10136,303.22,0.38,0.36,2023/11/4,1737000,NPP,nominal,0.57,VIIRS,NASA
82044,24.95233,121.3136,334.25,0.4,0.37,2023/11/4,510000,NPP,nominal,3.32,VIIRS,NASA
82040,24.33568,120.74183,328.2,1.3,1.13,2023/11/4,553000,aquadb,84,29.54,MODIS,NASA
82048,23.82406,120.45451,315.07,0.39,0.36,2023/11/4,1737000,NPP,nominal,1.06,VIIRS,NASA
82046,24.99028,121.10136,303.22,0.38,0.36,2023/11/4,1737000,NPP,nominal,0.57,VIIRS,NASA
82044,24.95233,121.3136,334.25,0.4,0.37,2023/11/4,510000,NPP,nominal,3.32,VIIRS,NASA
82040,24.33568,120.74183,328.2,1.3,1.13,2023/11/4,553000,aquadb,84,29.54,MODIS,NASA
82048,23.82406,120.45451,315.07,0.39,0.36,2023/11/4,1737000,NPP,nominal,1.06,VIIRS,NASA
82046,24.99028,121.10136,303.22,0.38,0.36,2023/11/4,1737000,NPP,nominal,0.57,VIIRS,NASA
82044,24.95233,121.3136,334.25,0.4,0.37,2023/11/4,510000,NPP,nominal,3.32,VIIRS,NASA
82040,24.33568,120.74183,328.2,1.3,1.13,2023/11/4,553000,aquadb,84,29.54,MODIS,NASA
82048,23.82406,120.45451,315.07,0.39,0.36,2023/11/4,1737000,NPP,nominal,1.06,VIIRS,NASA
82046,24.99028,121.10136,303.22,0.38,0.36,2023/11/4,1737000,NPP,nominal,0.57,VIIRS,NASA
82044,24.95233,121.3136,334.25,0.4,0.37,2023/11/4,510000,NPP,nominal,3.32,VIIRS,NASA
82040,24.33568,120.74183,328.2,1.3,1.13,2023/11/4,553000,aquadb,84,29.54,MODIS,NASA
82048,23.82406,120.45451,315.07,0.39,0.36,2023/11/4,1737000,NPP,nominal,1.06,VIIRS,NASA
82046,24.99028,121.10136,303.22,0.38,0.36,2023/11/4,1737000,NPP,nominal,0.57,VIIRS,NASA
82044,24.95233,121.3136,334.25,0.4,0.37,2023/11/4,510000,NPP,nominal,3.32,VIIRS,NASA
82040,24.33568,120.74183,328.2,1.3,1.13,2023/11/4,553000,aquadb,84,29.54,MODIS,NASA
82048,23.82406,120.45451,315.07,0.39,0.36,2023/11/4,1737000,NPP,nominal,1.06,VIIRS,NASA
82035,24.62397,121.81537,304.3,0.39,0.44,2023/11/3,1756000,NPP,nominal,0.63,VIIRS,NASA
82035,24.62397,121.81537,304.3,0.39,0.44,2023/11/3,1756000,NPP,nominal,0.63,VIIRS,NASA
82035,24.62397,121.81537,304.3,0.39,0.44,2023/11/3,1756000,NPP,nominal,0.63,VIIRS,NASA
82035,24.62397,121.81537,304.3,0.39,0.44,2023/11/3,1756000,NPP,nominal,0.63,VIIRS,NASA
82035,24.62397,121.81537,304.3,0.39,0.44,2023/11/3,1756000,NPP,nominal,0.63,VIIRS,NASA
82035,24.62397,121.81537,304.3,0.39,0.44,2023/11/3,1756000,NPP,nominal,0.63,VIIRS,NASA
82035,24.62397,121.81537,304.3,0.39,0.44,2023/11/3,1756000,NPP,nominal,0.63,VIIRS,NASA
82035,24.62397,121.81537,304.3,0.39,0.44,2023/11/3,1756000,NPP,nominal,0.63,VIIRS,NASA
82035,24.62397,121.81537,304.3,0.39,0.44,2023/11/3,1756000,NPP,nominal,0.63,VIIRS,NASA
82035,24.62397,121.81537,304.3,0.39,0.44,2023/11/3,1756000,NPP,nominal,0.63,VIIRS,NASA
82027,23.59327,120.21722,303.61,0.63,0.54,2023/11/2,1813000,NPP,nominal,0.62,VIIRS,NASA
82028,23.03086,120.10173,305.3,0.63,0.54,2023/11/2,1815000,NPP,nominal,1.41,VIIRS,NASA
82032,22.08364,120.70466,303.42,0.36,0.57,2023/11/2,1815000,NPP,nominal,0.91,VIIRS,NASA
82027,23.59327,120.21722,303.61,0.63,0.54,2023/11/2,1813000,NPP,nominal,0.62,VIIRS,NASA
82028,23.03086,120.10173,305.3,0.63,0.54,2023/11/2,1815000,NPP,nominal,1.41,VIIRS,NASA
82032,22.08364,120.70466,303.42,0.36,0.57,2023/11/2,1815000,NPP,nominal,0.91,VIIRS,NASA
82027,23.59327,120.21722,303.61,0.63,0.54,2023/11/2,1813000,NPP,nominal,0.62,VIIRS,NASA
82028,23.03086,120.10173,305.3,0.63,0.54,2023/11/2,1815000,NPP,nominal,1.41,VIIRS,NASA
82032,22.08364,120.70466,303.42,0.36,0.57,2023/11/2,1815000,NPP,nominal,0.91,VIIRS,NASA
82027,23.59327,120.21722,303.61,0.63,0.54,2023/11/2,1813000,NPP,nominal,0.62,VIIRS,NASA
82028,23.03086,120.10173,305.3,0.63,0.54,2023/11/2,1815000,NPP,nominal,1.41,VIIRS,NASA
82032,22.08364,120.70466,303.42,0.36,0.57,2023/11/2,1815000,NPP,nominal,0.91,VIIRS,NASA
82027,23.59327,120.21722,303.61,0.63,0.54,2023/11/2,1813000,NPP,nominal,0.62,VIIRS,NASA
82028,23.03086,120.10173,305.3,0.63,0.54,2023/11/2,1815000,NPP,nominal,1.41,VIIRS,NASA
82032,22.08364,120.70466,303.42,0.36,0.57,2023/11/2,1815000,NPP,nominal,0.91,VIIRS,NASA
82027,23.59327,120.21722,303.61,0.63,0.54,2023/11/2,1813000,NPP,nominal,0.62,VIIRS,NASA
82028,23.03086,120.10173,305.3,0.63,0.54,2023/11/2,1815000,NPP,nominal,1.41,VIIRS,NASA
82032,22.08364,120.70466,303.42,0.36,0.57,2023/11/2,1815000,NPP,nominal,0.91,VIIRS,NASA
82027,23.59327,120.21722,303.61,0.63,0.54,2023/11/2,1813000,NPP,nominal,0.62,VIIRS,NASA
82028,23.03086,120.10173,305.3,0.63,0.54,2023/11/2,1815000,NPP,nominal,1.41,VIIRS,NASA
82032,22.08364,120.70466,303.42,0.36,0.57,2023/11/2,1815000,NPP,nominal,0.91,VIIRS,NASA
82027,23.59327,120.21722,303.61,0.63,0.54,2023/11/2,1813000,NPP,nominal,0.62,VIIRS,NASA
82028,23.03086,120.10173,305.3,0.63,0.54,2023/11/2,1815000,NPP,nominal,1.41,VIIRS,NASA
82032,22.08364,120.70466,303.42,0.36,0.57,2023/11/2,1815000,NPP,nominal,0.91,VIIRS,NASA
82027,23.59327,120.21722,303.61,0.63,0.54,2023/11/2,1813000,NPP,nominal,0.62,VIIRS,NASA
82028,23.03086,120.10173,305.3,0.63,0.54,2023/11/2,1815000,NPP,nominal,1.41,VIIRS,NASA
82032,22.08364,120.70466,303.42,0.36,0.57,2023/11/2,1815000,NPP,nominal,0.91,VIIRS,NASA
82027,23.59327,120.21722,303.61,0.63,0.54,2023/11/2,1813000,NPP,nominal,0.62,VIIRS,NASA
82028,23.03086,120.10173,305.3,0.63,0.54,2023/11/2,1815000,NPP,nominal,1.41,VIIRS,NASA
82032,22.08364,120.70466,303.42,0.36,0.57,2023/11/2,1815000,NPP,nominal,0.91,VIIRS,NASA
82016,24.98987,121.10289,303.57,0.4,0.37,2023/10/30,1730000,NPP,nominal,0.38,VIIRS,NASA
82018,23.82164,120.45566,300.98,0.41,0.37,2023/10/30,1732000,NPP,nominal,0.63,VIIRS,NASA
82016,24.98987,121.10289,303.57,0.4,0.37,2023/10/30,1730000,NPP,nominal,0.38,VIIRS,NASA
82018,23.82164,120.45566,300.98,0.41,0.37,2023/10/30,1732000,NPP,nominal,0.63,VIIRS,NASA
82016,24.98987,121.10289,303.57,0.4,0.37,2023/10/30,1730000,NPP,nominal,0.38,VIIRS,NASA
82018,23.82164,120.45566,300.98,0.41,0.37,2023/10/30,1732000,NPP,nominal,0.63,VIIRS,NASA
82016,24.98987,121.10289,303.57,0.4,0.37,2023/10/30,1730000,NPP,nominal,0.38,VIIRS,NASA
82018,23.82164,120.45566,300.98,0.41,0.37,2023/10/30,1732000,NPP,nominal,0.63,VIIRS,NASA
82016,24.98987,121.10289,303.57,0.4,0.37,2023/10/30,1730000,NPP,nominal,0.38,VIIRS,NASA
82018,23.82164,120.45566,300.98,0.41,0.37,2023/10/30,1732000,NPP,nominal,0.63,VIIRS,NASA
82016,24.98987,121.10289,303.57,0.4,0.37,2023/10/30,1730000,NPP,nominal,0.38,VIIRS,NASA
82018,23.82164,120.45566,300.98,0.41,0.37,2023/10/30,1732000,NPP,nominal,0.63,VIIRS,NASA
82016,24.98987,121.10289,303.57,0.4,0.37,2023/10/30,1730000,NPP,nominal,0.38,VIIRS,NASA
82018,23.82164,120.45566,300.98,0.41,0.37,2023/10/30,1732000,NPP,nominal,0.63,VIIRS,NASA
82016,24.98987,121.10289,303.57,0.4,0.37,2023/10/30,1730000,NPP,nominal,0.38,VIIRS,NASA
82018,23.82164,120.45566,300.98,0.41,0.37,2023/10/30,1732000,NPP,nominal,0.63,VIIRS,NASA
82016,24.98987,121.10289,303.57,0.4,0.37,2023/10/30,1730000,NPP,nominal,0.38,VIIRS,NASA
82018,23.82164,120.45566,300.98,0.41,0.37,2023/10/30,1732000,NPP,nominal,0.63,VIIRS,NASA
82016,24.98987,121.10289,303.57,0.4,0.37,2023/10/30,1730000,NPP,nominal,0.38,VIIRS,NASA
82018,23.82164,120.45566,300.98,0.41,0.37,2023/10/30,1732000,NPP,nominal,0.63,VIIRS,NASA
82008,22.45299,120.51496,330.51,0.46,0.39,2023/10/29,523000,NPP,nominal,2.06,VIIRS,NASA
82008,22.45299,120.51496,330.51,0.46,0.39,2023/10/29,523000,NPP,nominal,2.06,VIIRS,NASA
82008,22.45299,120.51496,330.51,0.46,0.39,2023/10/29,523000,NPP,nominal,2.06,VIIRS,NASA
82008,22.45299,120.51496,330.51,0.46,0.39,2023/10/29,523000,NPP,nominal,2.06,VIIRS,NASA
82008,22.45299,120.51496,330.51,0.46,0.39,2023/10/29,523000,NPP,nominal,2.06,VIIRS,NASA
82008,22.45299,120.51496,330.51,0.46,0.39,2023/10/29,523000,NPP,nominal,2.06,VIIRS,NASA
82008,22.45299,120.51496,330.51,0.46,0.39,2023/10/29,523000,NPP,nominal,2.06,VIIRS,NASA
82008,22.45299,120.51496,330.51,0.46,0.39,2023/10/29,523000,NPP,nominal,2.06,VIIRS,NASA
82008,22.45299,120.51496,330.51,0.46,0.39,2023/10/29,523000,NPP,nominal,2.06,VIIRS,NASA
82008,22.45299,120.51496,330.51,0.46,0.39,2023/10/29,523000,NPP,nominal,2.06,VIIRS,NASA
82007,23.07505,120.107985,302.4,0.5,0.49,2023/10/28,1809000,NPP,nominal,0.45,VIIRS,NASA
82007,23.07505,120.107985,302.4,0.5,0.49,2023/10/28,1809000,NPP,nominal,0.45,VIIRS,NASA
82007,23.07505,120.107985,302.4,0.5,0.49,2023/10/28,1809000,NPP,nominal,0.45,VIIRS,NASA
82007,23.07505,120.107985,302.4,0.5,0.49,2023/10/28,1809000,NPP,nominal,0.45,VIIRS,NASA
82007,23.07505,120.107985,302.4,0.5,0.49,2023/10/28,1809000,NPP,nominal,0.45,VIIRS,NASA
82007,23.07505,120.107985,302.4,0.5,0.49,2023/10/28,1809000,NPP,nominal,0.45,VIIRS,NASA
82007,23.07505,120.107985,302.4,0.5,0.49,2023/10/28,1809000,NPP,nominal,0.45,VIIRS,NASA
82007,23.07505,120.107985,302.4,0.5,0.49,2023/10/28,1809000,NPP,nominal,0.45,VIIRS,NASA
82007,23.07505,120.107985,302.4,0.5,0.49,2023/10/28,1809000,NPP,nominal,0.45,VIIRS,NASA
82007,23.07505,120.107985,302.4,0.5,0.49,2023/10/28,1809000,NPP,nominal,0.45,VIIRS,NASA
81989,24.296955,120.72732,346.84,0.42,0.38,2023/10/25,457000,NPP,nominal,2.96,VIIRS,NASA
81987,24.20866,120.49618,342.16,0.43,0.38,2023/10/25,457000,NPP,nominal,2.08,VIIRS,NASA
81992,23.82412,120.456035,304.44,0.47,0.4,2023/10/25,1724000,NPP,nominal,0.74,VIIRS,NASA
81993,23.72903,120.66785,301.89,0.46,0.39,2023/10/25,1724000,NPP,nominal,0.27,VIIRS,NASA
81986,23.58874,120.43122,354.52,0.44,0.38,2023/10/25,455000,NPP,nominal,13.57,VIIRS,NASA
81984,22.42283,120.58096,335.95,0.45,0.39,2023/10/25,455000,NPP,nominal,2.16,VIIRS,NASA
81989,24.296955,120.72732,346.84,0.42,0.38,2023/10/25,457000,NPP,nominal,2.96,VIIRS,NASA
81987,24.20866,120.49618,342.16,0.43,0.38,2023/10/25,457000,NPP,nominal,2.08,VIIRS,NASA
81992,23.82412,120.456035,304.44,0.47,0.4,2023/10/25,1724000,NPP,nominal,0.74,VIIRS,NASA
81993,23.72903,120.66785,301.89,0.46,0.39,2023/10/25,1724000,NPP,nominal,0.27,VIIRS,NASA
81986,23.58874,120.43122,354.52,0.44,0.38,2023/10/25,455000,NPP,nominal,13.57,VIIRS,NASA
81984,22.42283,120.58096,335.95,0.45,0.39,2023/10/25,455000,NPP,nominal,2.16,VIIRS,NASA
81989,24.296955,120.72732,346.84,0.42,0.38,2023/10/25,457000,NPP,nominal,2.96,VIIRS,NASA
81987,24.20866,120.49618,342.16,0.43,0.38,2023/10/25,457000,NPP,nominal,2.08,VIIRS,NASA
81992,23.82412,120.456035,304.44,0.47,0.4,2023/10/25,1724000,NPP,nominal,0.74,VIIRS,NASA
81993,23.72903,120.66785,301.89,0.46,0.39,2023/10/25,1724000,NPP,nominal,0.27,VIIRS,NASA
81986,23.58874,120.43122,354.52,0.44,0.38,2023/10/25,455000,NPP,nominal,13.57,VIIRS,NASA
81984,22.42283,120.58096,335.95,0.45,0.39,2023/10/25,455000,NPP,nominal,2.16,VIIRS,NASA
81989,24.296955,120.72732,346.84,0.42,0.38,2023/10/25,457000,NPP,nominal,2.96,VIIRS,NASA
81987,24.20866,120.49618,342.16,0.43,0.38,2023/10/25,457000,NPP,nominal,2.08,VIIRS,NASA
81992,23.82412,120.456035,304.44,0.47,0.4,2023/10/25,1724000,NPP,nominal,0.74,VIIRS,NASA
81993,23.72903,120.66785,301.89,0.46,0.39,2023/10/25,1724000,NPP,nominal,0.27,VIIRS,NASA
81986,23.58874,120.43122,354.52,0.44,0.38,2023/10/25,455000,NPP,nominal,13.57,VIIRS,NASA
81984,22.42283,120.58096,335.95,0.45,0.39,2023/10/25,455000,NPP,nominal,2.16,VIIRS,NASA
81989,24.296955,120.72732,346.84,0.42,0.38,2023/10/25,457000,NPP,nominal,2.96,VIIRS,NASA
81987,24.20866,120.49618,342.16,0.43,0.38,2023/10/25,457000,NPP,nominal,2.08,VIIRS,NASA
81992,23.82412,120.456035,304.44,0.47,0.4,2023/10/25,1724000,NPP,nominal,0.74,VIIRS,NASA
81993,23.72903,120.66785,301.89,0.46,0.39,2023/10/25,1724000,NPP,nominal,0.27,VIIRS,NASA
81986,23.58874,120.43122,354.52,0.44,0.38,2023/10/25,455000,NPP,nominal,13.57,VIIRS,NASA
81984,22.42283,120.58096,335.95,0.45,0.39,2023/10/25,455000,NPP,nominal,2.16,VIIRS,NASA
81989,24.296955,120.72732,346.84,0.42,0.38,2023/10/25,457000,NPP,nominal,2.96,VIIRS,NASA
81987,24.20866,120.49618,342.16,0.43,0.38,2023/10/25,457000,NPP,nominal,2.08,VIIRS,NASA
81992,23.82412,120.456035,304.44,0.47,0.4,2023/10/25,1724000,NPP,nominal,0.74,VIIRS,NASA
81993,23.72903,120.66785,301.89,0.46,0.39,2023/10/25,1724000,NPP,nominal,0.27,VIIRS,NASA
81986,23.58874,120.43122,354.52,0.44,0.38,2023/10/25,455000,NPP,nominal,13.57,VIIRS,NASA
81984,22.42283,120.58096,335.95,0.45,0.39,2023/10/25,455000,NPP,nominal,2.16,VIIRS,NASA
81989,24.296955,120.72732,346.84,0.42,0.38,2023/10/25,457000,NPP,nominal,2.96,VIIRS,NASA
81987,24.20866,120.49618,342.16,0.43,0.38,2023/10/25,457000,NPP,nominal,2.08,VIIRS,NASA
81992,23.82412,120.456035,304.44,0.47,0.4,2023/10/25,1724000,NPP,nominal,0.74,VIIRS,NASA
81993,23.72903,120.66785,301.89,0.46,0.39,2023/10/25,1724000,NPP,nominal,0.27,VIIRS,NASA
81986,23.58874,120.43122,354.52,0.44,0.38,2023/10/25,455000,NPP,nominal,13.57,VIIRS,NASA
81984,22.42283,120.58096,335.95,0.45,0.39,2023/10/25,455000,NPP,nominal,2.16,VIIRS,NASA
81989,24.296955,120.72732,346.84,0.42,0.38,2023/10/25,457000,NPP,nominal,2.96,VIIRS,NASA
81987,24.20866,120.49618,342.16,0.43,0.38,2023/10/25,457000,NPP,nominal,2.08,VIIRS,NASA
81992,23.82412,120.456035,304.44,0.47,0.4,2023/10/25,1724000,NPP,nominal,0.74,VIIRS,NASA
81993,23.72903,120.66785,301.89,0.46,0.39,2023/10/25,1724000,NPP,nominal,0.27,VIIRS,NASA
81986,23.58874,120.43122,354.52,0.44,0.38,2023/10/25,455000,NPP,nominal,13.57,VIIRS,NASA
81984,22.42283,120.58096,335.95,0.45,0.39,2023/10/25,455000,NPP,nominal,2.16,VIIRS,NASA
81989,24.296955,120.72732,346.84,0.42,0.38,2023/10/25,457000,NPP,nominal,2.96,VIIRS,NASA
81987,24.20866,120.49618,342.16,0.43,0.38,2023/10/25,457000,NPP,nominal,2.08,VIIRS,NASA
81992,23.82412,120.456035,304.44,0.47,0.4,2023/10/25,1724000,NPP,nominal,0.74,VIIRS,NASA
81993,23.72903,120.66785,301.89,0.46,0.39,2023/10/25,1724000,NPP,nominal,0.27,VIIRS,NASA
81986,23.58874,120.43122,354.52,0.44,0.38,2023/10/25,455000,NPP,nominal,13.57,VIIRS,NASA
81984,22.42283,120.58096,335.95,0.45,0.39,2023/10/25,455000,NPP,nominal,2.16,VIIRS,NASA
81989,24.296955,120.72732,346.84,0.42,0.38,2023/10/25,457000,NPP,nominal,2.96,VIIRS,NASA
81987,24.20866,120.49618,342.16,0.43,0.38,2023/10/25,457000,NPP,nominal,2.08,VIIRS,NASA
81992,23.82412,120.456035,304.44,0.47,0.4,2023/10/25,1724000,NPP,nominal,0.74,VIIRS,NASA
81993,23.72903,120.66785,301.89,0.46,0.39,2023/10/25,1724000,NPP,nominal,0.27,VIIRS,NASA
81986,23.58874,120.43122,354.52,0.44,0.38,2023/10/25,455000,NPP,nominal,13.57,VIIRS,NASA
81984,22.42283,120.58096,335.95,0.45,0.39,2023/10/25,455000,NPP,nominal,2.16,VIIRS,NASA
81982,22.82086,120.37993,315.71,0.4,0.37,2023/10/24,1743000,NPP,nominal,1.18,VIIRS,NASA
81982,22.82086,120.37993,315.71,0.4,0.37,2023/10/24,1743000,NPP,nominal,1.18,VIIRS,NASA
81982,22.82086,120.37993,315.71,0.4,0.37,2023/10/24,1743000,NPP,nominal,1.18,VIIRS,NASA
81982,22.82086,120.37993,315.71,0.4,0.37,2023/10/24,1743000,NPP,nominal,1.18,VIIRS,NASA
81982,22.82086,120.37993,315.71,0.4,0.37,2023/10/24,1743000,NPP,nominal,1.18,VIIRS,NASA
81982,22.82086,120.37993,315.71,0.4,0.37,2023/10/24,1743000,NPP,nominal,1.18,VIIRS,NASA
81982,22.82086,120.37993,315.71,0.4,0.37,2023/10/24,1743000,NPP,nominal,1.18,VIIRS,NASA
81982,22.82086,120.37993,315.71,0.4,0.37,2023/10/24,1743000,NPP,nominal,1.18,VIIRS,NASA
81982,22.82086,120.37993,315.71,0.4,0.37,2023/10/24,1743000,NPP,nominal,1.18,VIIRS,NASA
81982,22.82086,120.37993,315.71,0.4,0.37,2023/10/24,1743000,NPP,nominal,1.18,VIIRS,NASA
81967,23.90164,120.33632,333.04,0.52,0.42,2023/10/20,451000,NPP,nominal,1.56,VIIRS,NASA
81966,23.88362,120.30306,326.83,0.52,0.42,2023/10/20,451000,NPP,nominal,3.32,VIIRS,NASA
81969,22.1016,120.72307,308.15,0.53,0.42,2023/10/20,1717000,NPP,nominal,2.42,VIIRS,NASA
81967,23.90164,120.33632,333.04,0.52,0.42,2023/10/20,451000,NPP,nominal,1.56,VIIRS,NASA
81966,23.88362,120.30306,326.83,0.52,0.42,2023/10/20,451000,NPP,nominal,3.32,VIIRS,NASA
81969,22.1016,120.72307,308.15,0.53,0.42,2023/10/20,1717000,NPP,nominal,2.42,VIIRS,NASA
81967,23.90164,120.33632,333.04,0.52,0.42,2023/10/20,451000,NPP,nominal,1.56,VIIRS,NASA
81966,23.88362,120.30306,326.83,0.52,0.42,2023/10/20,451000,NPP,nominal,3.32,VIIRS,NASA
81969,22.1016,120.72307,308.15,0.53,0.42,2023/10/20,1717000,NPP,nominal,2.42,VIIRS,NASA
81967,23.90164,120.33632,333.04,0.52,0.42,2023/10/20,451000,NPP,nominal,1.56,VIIRS,NASA
81966,23.88362,120.30306,326.83,0.52,0.42,2023/10/20,451000,NPP,nominal,3.32,VIIRS,NASA
81969,22.1016,120.72307,308.15,0.53,0.42,2023/10/20,1717000,NPP,nominal,2.42,VIIRS,NASA
81967,23.90164,120.33632,333.04,0.52,0.42,2023/10/20,451000,NPP,nominal,1.56,VIIRS,NASA
81966,23.88362,120.30306,326.83,0.52,0.42,2023/10/20,451000,NPP,nominal,3.32,VIIRS,NASA
81969,22.1016,120.72307,308.15,0.53,0.42,2023/10/20,1717000,NPP,nominal,2.42,VIIRS,NASA
81967,23.90164,120.33632,333.04,0.52,0.42,2023/10/20,451000,NPP,nominal,1.56,VIIRS,NASA
81966,23.88362,120.30306,326.83,0.52,0.42,2023/10/20,451000,NPP,nominal,3.32,VIIRS,NASA
81969,22.1016,120.72307,308.15,0.53,0.42,2023/10/20,1717000,NPP,nominal,2.42,VIIRS,NASA
81967,23.90164,120.33632,333.04,0.52,0.42,2023/10/20,451000,NPP,nominal,1.56,VIIRS,NASA
81966,23.88362,120.30306,326.83,0.52,0.42,2023/10/20,451000,NPP,nominal,3.32,VIIRS,NASA
81969,22.1016,120.72307,308.15,0.53,0.42,2023/10/20,1717000,NPP,nominal,2.42,VIIRS,NASA
81967,23.90164,120.33632,333.04,0.52,0.42,2023/10/20,451000,NPP,nominal,1.56,VIIRS,NASA
81966,23.88362,120.30306,326.83,0.52,0.42,2023/10/20,451000,NPP,nominal,3.32,VIIRS,NASA
81969,22.1016,120.72307,308.15,0.53,0.42,2023/10/20,1717000,NPP,nominal,2.42,VIIRS,NASA
81967,23.90164,120.33632,333.04,0.52,0.42,2023/10/20,451000,NPP,nominal,1.56,VIIRS,NASA
81966,23.88362,120.30306,326.83,0.52,0.42,2023/10/20,451000,NPP,nominal,3.32,VIIRS,NASA
81969,22.1016,120.72307,308.15,0.53,0.42,2023/10/20,1717000,NPP,nominal,2.42,VIIRS,NASA
81967,23.90164,120.33632,333.04,0.52,0.42,2023/10/20,451000,NPP,nominal,1.56,VIIRS,NASA
81966,23.88362,120.30306,326.83,0.52,0.42,2023/10/20,451000,NPP,nominal,3.32,VIIRS,NASA
81969,22.1016,120.72307,308.15,0.53,0.42,2023/10/20,1717000,NPP,nominal,2.42,VIIRS,NASA
81965,22.48557,120.40772,305.62,0.38,0.36,2023/10/19,1737000,NPP,nominal,1.04,VIIRS,NASA
81965,22.48557,120.40772,305.62,0.38,0.36,2023/10/19,1737000,NPP,nominal,1.04,VIIRS,NASA
81965,22.48557,120.40772,305.62,0.38,0.36,2023/10/19,1737000,NPP,nominal,1.04,VIIRS,NASA
81965,22.48557,120.40772,305.62,0.38,0.36,2023/10/19,1737000,NPP,nominal,1.04,VIIRS,NASA
81965,22.48557,120.40772,305.62,0.38,0.36,2023/10/19,1737000,NPP,nominal,1.04,VIIRS,NASA
81965,22.48557,120.40772,305.62,0.38,0.36,2023/10/19,1737000,NPP,nominal,1.04,VIIRS,NASA
81965,22.48557,120.40772,305.62,0.38,0.36,2023/10/19,1737000,NPP,nominal,1.04,VIIRS,NASA
81965,22.48557,120.40772,305.62,0.38,0.36,2023/10/19,1737000,NPP,nominal,1.04,VIIRS,NASA
81965,22.48557,120.40772,305.62,0.38,0.36,2023/10/19,1737000,NPP,nominal,1.04,VIIRS,NASA
81965,22.48557,120.40772,305.62,0.38,0.36,2023/10/19,1737000,NPP,nominal,1.04,VIIRS,NASA
81954,25.061,121.133,310.3,87.8,6.7,2023/10/16,950000,H8,51,67.8,AHI,CWB
81955,25.061,121.111,305,87.3,6.7,2023/10/16,1000000,H8,13,36,AHI,CWB
81958,24.31553,120.71468,300.27,0.46,0.64,2023/10/16,1652000,NPP,nominal,1.79,VIIRS,NASA
81954,25.061,121.133,310.3,87.8,6.7,2023/10/16,950000,H8,51,67.8,AHI,CWB
81955,25.061,121.111,305,87.3,6.7,2023/10/16,1000000,H8,13,36,AHI,CWB
81958,24.31553,120.71468,300.27,0.46,0.64,2023/10/16,1652000,NPP,nominal,1.79,VIIRS,NASA
81954,25.061,121.133,310.3,87.8,6.7,2023/10/16,950000,H8,51,67.8,AHI,CWB
81955,25.061,121.111,305,87.3,6.7,2023/10/16,1000000,H8,13,36,AHI,CWB
81958,24.31553,120.71468,300.27,0.46,0.64,2023/10/16,1652000,NPP,nominal,1.79,VIIRS,NASA
81954,25.061,121.133,310.3,87.8,6.7,2023/10/16,950000,H8,51,67.8,AHI,CWB
81955,25.061,121.111,305,87.3,6.7,2023/10/16,1000000,H8,13,36,AHI,CWB
81958,24.31553,120.71468,300.27,0.46,0.64,2023/10/16,1652000,NPP,nominal,1.79,VIIRS,NASA
81954,25.061,121.133,310.3,87.8,6.7,2023/10/16,950000,H8,51,67.8,AHI,CWB
81955,25.061,121.111,305,87.3,6.7,2023/10/16,1000000,H8,13,36,AHI,CWB
81958,24.31553,120.71468,300.27,0.46,0.64,2023/10/16,1652000,NPP,nominal,1.79,VIIRS,NASA
81954,25.061,121.133,310.3,87.8,6.7,2023/10/16,950000,H8,51,67.8,AHI,CWB
81955,25.061,121.111,305,87.3,6.7,2023/10/16,1000000,H8,13,36,AHI,CWB
81958,24.31553,120.71468,300.27,0.46,0.64,2023/10/16,1652000,NPP,nominal,1.79,VIIRS,NASA
81954,25.061,121.133,310.3,87.8,6.7,2023/10/16,950000,H8,51,67.8,AHI,CWB
81955,25.061,121.111,305,87.3,6.7,2023/10/16,1000000,H8,13,36,AHI,CWB
81958,24.31553,120.71468,300.27,0.46,0.64,2023/10/16,1652000,NPP,nominal,1.79,VIIRS,NASA
81954,25.061,121.133,310.3,87.8,6.7,2023/10/16,950000,H8,51,67.8,AHI,CWB
81955,25.061,121.111,305,87.3,6.7,2023/10/16,1000000,H8,13,36,AHI,CWB
81958,24.31553,120.71468,300.27,0.46,0.64,2023/10/16,1652000,NPP,nominal,1.79,VIIRS,NASA
81954,25.061,121.133,310.3,87.8,6.7,2023/10/16,950000,H8,51,67.8,AHI,CWB
81955,25.061,121.111,305,87.3,6.7,2023/10/16,1000000,H8,13,36,AHI,CWB
81958,24.31553,120.71468,300.27,0.46,0.64,2023/10/16,1652000,NPP,nominal,1.79,VIIRS,NASA
81954,25.061,121.133,310.3,87.8,6.7,2023/10/16,950000,H8,51,67.8,AHI,CWB
81955,25.061,121.111,305,87.3,6.7,2023/10/16,1000000,H8,13,36,AHI,CWB
81958,24.31553,120.71468,300.27,0.46,0.64,2023/10/16,1652000,NPP,nominal,1.79,VIIRS,NASA
81944,23.852,121.381,310.3,88.2,6.8,2023/10/14,420000,H8,22,25.5,AHI,CWB
81943,22.064,120.721,310.4,68.5,6,2023/10/14,230000,H8,28,21.1,AHI,CWB
81944,23.852,121.381,310.3,88.2,6.8,2023/10/14,420000,H8,22,25.5,AHI,CWB
81943,22.064,120.721,310.4,68.5,6,2023/10/14,230000,H8,28,21.1,AHI,CWB
81944,23.852,121.381,310.3,88.2,6.8,2023/10/14,420000,H8,22,25.5,AHI,CWB
81943,22.064,120.721,310.4,68.5,6,2023/10/14,230000,H8,28,21.1,AHI,CWB
81944,23.852,121.381,310.3,88.2,6.8,2023/10/14,420000,H8,22,25.5,AHI,CWB
81943,22.064,120.721,310.4,68.5,6,2023/10/14,230000,H8,28,21.1,AHI,CWB
81944,23.852,121.381,310.3,88.2,6.8,2023/10/14,420000,H8,22,25.5,AHI,CWB
81943,22.064,120.721,310.4,68.5,6,2023/10/14,230000,H8,28,21.1,AHI,CWB
81944,23.852,121.381,310.3,88.2,6.8,2023/10/14,420000,H8,22,25.5,AHI,CWB
81943,22.064,120.721,310.4,68.5,6,2023/10/14,230000,H8,28,21.1,AHI,CWB
81944,23.852,121.381,310.3,88.2,6.8,2023/10/14,420000,H8,22,25.5,AHI,CWB
81943,22.064,120.721,310.4,68.5,6,2023/10/14,230000,H8,28,21.1,AHI,CWB
81944,23.852,121.381,310.3,88.2,6.8,2023/10/14,420000,H8,22,25.5,AHI,CWB
81943,22.064,120.721,310.4,68.5,6,2023/10/14,230000,H8,28,21.1,AHI,CWB
81944,23.852,121.381,310.3,88.2,6.8,2023/10/14,420000,H8,22,25.5,AHI,CWB
81943,22.064,120.721,310.4,68.5,6,2023/10/14,230000,H8,28,21.1,AHI,CWB
81944,23.852,121.381,310.3,88.2,6.8,2023/10/14,420000,H8,22,25.5,AHI,CWB
81943,22.064,120.721,310.4,68.5,6,2023/10/14,230000,H8,28,21.1,AHI,CWB
81935,24.374,120.76,310.1,77.2,6.3,2023/10/13,310000,H8,16,20.1,AHI,CWB
81935,24.374,120.76,310.1,77.2,6.3,2023/10/13,310000,H8,16,20.1,AHI,CWB
81935,24.374,120.76,310.1,77.2,6.3,2023/10/13,310000,H8,16,20.1,AHI,CWB
81935,24.374,120.76,310.1,77.2,6.3,2023/10/13,310000,H8,16,20.1,AHI,CWB
81935,24.374,120.76,310.1,77.2,6.3,2023/10/13,310000,H8,16,20.1,AHI,CWB
81935,24.374,120.76,310.1,77.2,6.3,2023/10/13,310000,H8,16,20.1,AHI,CWB
81935,24.374,120.76,310.1,77.2,6.3,2023/10/13,310000,H8,16,20.1,AHI,CWB
81935,24.374,120.76,310.1,77.2,6.3,2023/10/13,310000,H8,16,20.1,AHI,CWB
81935,24.374,120.76,310.1,77.2,6.3,2023/10/13,310000,H8,16,20.1,AHI,CWB
81935,24.374,120.76,310.1,77.2,6.3,2023/10/13,310000,H8,16,20.1,AHI,CWB
81932,24.118,120.809,310.1,77.2,6.3,2023/10/12,330000,H8,13,18.1,AHI,CWB
81936,24.09848,120.796043,300.9,0.52,0.5,2023/10/12,1809000,NPP,nominal,1.3,VIIRS,NASA
81933,24.075,120.881,310,78.5,6.4,2023/10/12,350000,H8,9,21.4,AHI,CWB
81932,24.118,120.809,310.1,77.2,6.3,2023/10/12,330000,H8,13,18.1,AHI,CWB
81936,24.09848,120.796043,300.9,0.52,0.5,2023/10/12,1809000,NPP,nominal,1.3,VIIRS,NASA
81933,24.075,120.881,310,78.5,6.4,2023/10/12,350000,H8,9,21.4,AHI,CWB
81932,24.118,120.809,310.1,77.2,6.3,2023/10/12,330000,H8,13,18.1,AHI,CWB
81936,24.09848,120.796043,300.9,0.52,0.5,2023/10/12,1809000,NPP,nominal,1.3,VIIRS,NASA
81933,24.075,120.881,310,78.5,6.4,2023/10/12,350000,H8,9,21.4,AHI,CWB
81932,24.118,120.809,310.1,77.2,6.3,2023/10/12,330000,H8,13,18.1,AHI,CWB
81936,24.09848,120.796043,300.9,0.52,0.5,2023/10/12,1809000,NPP,nominal,1.3,VIIRS,NASA
81933,24.075,120.881,310,78.5,6.4,2023/10/12,350000,H8,9,21.4,AHI,CWB
81932,24.118,120.809,310.1,77.2,6.3,2023/10/12,330000,H8,13,18.1,AHI,CWB
81936,24.09848,120.796043,300.9,0.52,0.5,2023/10/12,1809000,NPP,nominal,1.3,VIIRS,NASA
81933,24.075,120.881,310,78.5,6.4,2023/10/12,350000,H8,9,21.4,AHI,CWB
81932,24.118,120.809,310.1,77.2,6.3,2023/10/12,330000,H8,13,18.1,AHI,CWB
81936,24.09848,120.796043,300.9,0.52,0.5,2023/10/12,1809000,NPP,nominal,1.3,VIIRS,NASA
81933,24.075,120.881,310,78.5,6.4,2023/10/12,350000,H8,9,21.4,AHI,CWB
81932,24.118,120.809,310.1,77.2,6.3,2023/10/12,330000,H8,13,18.1,AHI,CWB
81936,24.09848,120.796043,300.9,0.52,0.5,2023/10/12,1809000,NPP,nominal,1.3,VIIRS,NASA
81933,24.075,120.881,310,78.5,6.4,2023/10/12,350000,H8,9,21.4,AHI,CWB
81932,24.118,120.809,310.1,77.2,6.3,2023/10/12,330000,H8,13,18.1,AHI,CWB
81936,24.09848,120.796043,300.9,0.52,0.5,2023/10/12,1809000,NPP,nominal,1.3,VIIRS,NASA
81933,24.075,120.881,310,78.5,6.4,2023/10/12,350000,H8,9,21.4,AHI,CWB
81932,24.118,120.809,310.1,77.2,6.3,2023/10/12,330000,H8,13,18.1,AHI,CWB
81936,24.09848,120.796043,300.9,0.52,0.5,2023/10/12,1809000,NPP,nominal,1.3,VIIRS,NASA
81933,24.075,120.881,310,78.5,6.4,2023/10/12,350000,H8,9,21.4,AHI,CWB
81932,24.118,120.809,310.1,77.2,6.3,2023/10/12,330000,H8,13,18.1,AHI,CWB
81936,24.09848,120.796043,300.9,0.52,0.5,2023/10/12,1809000,NPP,nominal,1.3,VIIRS,NASA
81933,24.075,120.881,310,78.5,6.4,2023/10/12,350000,H8,9,21.4,AHI,CWB
81925,22.937,120.458,311.3,66.6,5.9,2023/10/10,300000,H8,30,15.7,AHI,CWB
81925,22.937,120.458,311.3,66.6,5.9,2023/10/10,300000,H8,30,15.7,AHI,CWB
81925,22.937,120.458,311.3,66.6,5.9,2023/10/10,300000,H8,30,15.7,AHI,CWB
81925,22.937,120.458,311.3,66.6,5.9,2023/10/10,300000,H8,30,15.7,AHI,CWB
81925,22.937,120.458,311.3,66.6,5.9,2023/10/10,300000,H8,30,15.7,AHI,CWB
81925,22.937,120.458,311.3,66.6,5.9,2023/10/10,300000,H8,30,15.7,AHI,CWB
81925,22.937,120.458,311.3,66.6,5.9,2023/10/10,300000,H8,30,15.7,AHI,CWB
81925,22.937,120.458,311.3,66.6,5.9,2023/10/10,300000,H8,30,15.7,AHI,CWB
81925,22.937,120.458,311.3,66.6,5.9,2023/10/10,300000,H8,30,15.7,AHI,CWB
81925,22.937,120.458,311.3,66.6,5.9,2023/10/10,300000,H8,30,15.7,AHI,CWB
81919,23.061,120.524,311.2,68.2,6,2023/10/9,250000,H8,24,17.3,AHI,CWB
81920,22.891,120.705,310.4,70.9,6.1,2023/10/9,300000,H8,11,18.6,AHI,CWB
81919,23.061,120.524,311.2,68.2,6,2023/10/9,250000,H8,24,17.3,AHI,CWB
81920,22.891,120.705,310.4,70.9,6.1,2023/10/9,300000,H8,11,18.6,AHI,CWB
81919,23.061,120.524,311.2,68.2,6,2023/10/9,250000,H8,24,17.3,AHI,CWB
81920,22.891,120.705,310.4,70.9,6.1,2023/10/9,300000,H8,11,18.6,AHI,CWB
81919,23.061,120.524,311.2,68.2,6,2023/10/9,250000,H8,24,17.3,AHI,CWB
81920,22.891,120.705,310.4,70.9,6.1,2023/10/9,300000,H8,11,18.6,AHI,CWB
81919,23.061,120.524,311.2,68.2,6,2023/10/9,250000,H8,24,17.3,AHI,CWB
81920,22.891,120.705,310.4,70.9,6.1,2023/10/9,300000,H8,11,18.6,AHI,CWB
81919,23.061,120.524,311.2,68.2,6,2023/10/9,250000,H8,24,17.3,AHI,CWB
81920,22.891,120.705,310.4,70.9,6.1,2023/10/9,300000,H8,11,18.6,AHI,CWB
81919,23.061,120.524,311.2,68.2,6,2023/10/9,250000,H8,24,17.3,AHI,CWB
81920,22.891,120.705,310.4,70.9,6.1,2023/10/9,300000,H8,11,18.6,AHI,CWB
81919,23.061,120.524,311.2,68.2,6,2023/10/9,250000,H8,24,17.3,AHI,CWB
81920,22.891,120.705,310.4,70.9,6.1,2023/10/9,300000,H8,11,18.6,AHI,CWB
81919,23.061,120.524,311.2,68.2,6,2023/10/9,250000,H8,24,17.3,AHI,CWB
81920,22.891,120.705,310.4,70.9,6.1,2023/10/9,300000,H8,11,18.6,AHI,CWB
81919,23.061,120.524,311.2,68.2,6,2023/10/9,250000,H8,24,17.3,AHI,CWB
81920,22.891,120.705,310.4,70.9,6.1,2023/10/9,300000,H8,11,18.6,AHI,CWB
81912,25.154,121.622,311.9,99.5,7.2,2023/10/8,210000,H8,40,18,AHI,CWB
81914,24.149,120.496,311.5,71.3,6.1,2023/10/8,310000,H8,24,13.2,AHI,CWB
81913,24.149,120.474,311,70.9,6.1,2023/10/8,300000,H8,26,15,AHI,CWB
81912,25.154,121.622,311.9,99.5,7.2,2023/10/8,210000,H8,40,18,AHI,CWB
81914,24.149,120.496,311.5,71.3,6.1,2023/10/8,310000,H8,24,13.2,AHI,CWB
81913,24.149,120.474,311,70.9,6.1,2023/10/8,300000,H8,26,15,AHI,CWB
81912,25.154,121.622,311.9,99.5,7.2,2023/10/8,210000,H8,40,18,AHI,CWB
81914,24.149,120.496,311.5,71.3,6.1,2023/10/8,310000,H8,24,13.2,AHI,CWB
81913,24.149,120.474,311,70.9,6.1,2023/10/8,300000,H8,26,15,AHI,CWB
81912,25.154,121.622,311.9,99.5,7.2,2023/10/8,210000,H8,40,18,AHI,CWB
81914,24.149,120.496,311.5,71.3,6.1,2023/10/8,310000,H8,24,13.2,AHI,CWB
81913,24.149,120.474,311,70.9,6.1,2023/10/8,300000,H8,26,15,AHI,CWB
81912,25.154,121.622,311.9,99.5,7.2,2023/10/8,210000,H8,40,18,AHI,CWB
81914,24.149,120.496,311.5,71.3,6.1,2023/10/8,310000,H8,24,13.2,AHI,CWB
81913,24.149,120.474,311,70.9,6.1,2023/10/8,300000,H8,26,15,AHI,CWB
81912,25.154,121.622,311.9,99.5,7.2,2023/10/8,210000,H8,40,18,AHI,CWB
81914,24.149,120.496,311.5,71.3,6.1,2023/10/8,310000,H8,24,13.2,AHI,CWB
81913,24.149,120.474,311,70.9,6.1,2023/10/8,300000,H8,26,15,AHI,CWB
81912,25.154,121.622,311.9,99.5,7.2,2023/10/8,210000,H8,40,18,AHI,CWB
81914,24.149,120.496,311.5,71.3,6.1,2023/10/8,310000,H8,24,13.2,AHI,CWB
81913,24.149,120.474,311,70.9,6.1,2023/10/8,300000,H8,26,15,AHI,CWB
81912,25.154,121.622,311.9,99.5,7.2,2023/10/8,210000,H8,40,18,AHI,CWB
81914,24.149,120.496,311.5,71.3,6.1,2023/10/8,310000,H8,24,13.2,AHI,CWB
81913,24.149,120.474,311,70.9,6.1,2023/10/8,300000,H8,26,15,AHI,CWB
81912,25.154,121.622,311.9,99.5,7.2,2023/10/8,210000,H8,40,18,AHI,CWB
81914,24.149,120.496,311.5,71.3,6.1,2023/10/8,310000,H8,24,13.2,AHI,CWB
81913,24.149,120.474,311,70.9,6.1,2023/10/8,300000,H8,26,15,AHI,CWB
81912,25.154,121.622,311.9,99.5,7.2,2023/10/8,210000,H8,40,18,AHI,CWB
81914,24.149,120.496,311.5,71.3,6.1,2023/10/8,310000,H8,24,13.2,AHI,CWB
81913,24.149,120.474,311,70.9,6.1,2023/10/8,300000,H8,26,15,AHI,CWB
81905,25.13704,121.4911,312.8,1.1,1.1,2023/10/6,51745000,AQUA,51,7.8,MODIS,CWB
81904,24.223,121.573,310.2,94.2,7,2023/10/6,320000,H8,20,26.5,AHI,CWB
81905,25.13704,121.4911,312.8,1.1,1.1,2023/10/6,51745000,AQUA,51,7.8,MODIS,CWB
81904,24.223,121.573,310.2,94.2,7,2023/10/6,320000,H8,20,26.5,AHI,CWB
81905,25.13704,121.4911,312.8,1.1,1.1,2023/10/6,51745000,AQUA,51,7.8,MODIS,CWB
81904,24.223,121.573,310.2,94.2,7,2023/10/6,320000,H8,20,26.5,AHI,CWB
81905,25.13704,121.4911,312.8,1.1,1.1,2023/10/6,51745000,AQUA,51,7.8,MODIS,CWB
81904,24.223,121.573,310.2,94.2,7,2023/10/6,320000,H8,20,26.5,AHI,CWB
81905,25.13704,121.4911,312.8,1.1,1.1,2023/10/6,51745000,AQUA,51,7.8,MODIS,CWB
81904,24.223,121.573,310.2,94.2,7,2023/10/6,320000,H8,20,26.5,AHI,CWB
81905,25.13704,121.4911,312.8,1.1,1.1,2023/10/6,51745000,AQUA,51,7.8,MODIS,CWB
81904,24.223,121.573,310.2,94.2,7,2023/10/6,320000,H8,20,26.5,AHI,CWB
81905,25.13704,121.4911,312.8,1.1,1.1,2023/10/6,51745000,AQUA,51,7.8,MODIS,CWB
81904,24.223,121.573,310.2,94.2,7,2023/10/6,320000,H8,20,26.5,AHI,CWB
81905,25.13704,121.4911,312.8,1.1,1.1,2023/10/6,51745000,AQUA,51,7.8,MODIS,CWB
81904,24.223,121.573,310.2,94.2,7,2023/10/6,320000,H8,20,26.5,AHI,CWB
81905,25.13704,121.4911,312.8,1.1,1.1,2023/10/6,51745000,AQUA,51,7.8,MODIS,CWB
81904,24.223,121.573,310.2,94.2,7,2023/10/6,320000,H8,20,26.5,AHI,CWB
81905,25.13704,121.4911,312.8,1.1,1.1,2023/10/6,51745000,AQUA,51,7.8,MODIS,CWB
81904,24.223,121.573,310.2,94.2,7,2023/10/6,320000,H8,20,26.5,AHI,CWB
81896,24.786,121.122,312,86.3,6.7,2023/10/3,310000,H8,17,19.4,AHI,CWB
81898,23.51532,120.21588,334.62,0.38,0.36,2023/10/3,510000,NPP,nominal,5.12,VIIRS,NASA
81896,24.786,121.122,312,86.3,6.7,2023/10/3,310000,H8,17,19.4,AHI,CWB
81898,23.51532,120.21588,334.62,0.38,0.36,2023/10/3,510000,NPP,nominal,5.12,VIIRS,NASA
81896,24.786,121.122,312,86.3,6.7,2023/10/3,310000,H8,17,19.4,AHI,CWB
81898,23.51532,120.21588,334.62,0.38,0.36,2023/10/3,510000,NPP,nominal,5.12,VIIRS,NASA
81896,24.786,121.122,312,86.3,6.7,2023/10/3,310000,H8,17,19.4,AHI,CWB
81898,23.51532,120.21588,334.62,0.38,0.36,2023/10/3,510000,NPP,nominal,5.12,VIIRS,NASA
81896,24.786,121.122,312,86.3,6.7,2023/10/3,310000,H8,17,19.4,AHI,CWB
81898,23.51532,120.21588,334.62,0.38,0.36,2023/10/3,510000,NPP,nominal,5.12,VIIRS,NASA
81896,24.786,121.122,312,86.3,6.7,2023/10/3,310000,H8,17,19.4,AHI,CWB
81898,23.51532,120.21588,334.62,0.38,0.36,2023/10/3,510000,NPP,nominal,5.12,VIIRS,NASA
81896,24.786,121.122,312,86.3,6.7,2023/10/3,310000,H8,17,19.4,AHI,CWB
81898,23.51532,120.21588,334.62,0.38,0.36,2023/10/3,510000,NPP,nominal,5.12,VIIRS,NASA
81896,24.786,121.122,312,86.3,6.7,2023/10/3,310000,H8,17,19.4,AHI,CWB
81898,23.51532,120.21588,334.62,0.38,0.36,2023/10/3,510000,NPP,nominal,5.12,VIIRS,NASA
81896,24.786,121.122,312,86.3,6.7,2023/10/3,310000,H8,17,19.4,AHI,CWB
81898,23.51532,120.21588,334.62,0.38,0.36,2023/10/3,510000,NPP,nominal,5.12,VIIRS,NASA
81896,24.786,121.122,312,86.3,6.7,2023/10/3,310000,H8,17,19.4,AHI,CWB
81898,23.51532,120.21588,334.62,0.38,0.36,2023/10/3,510000,NPP,nominal,5.12,VIIRS,NASA
81891,24.95433,121.40153,329.17,0.54,0.42,2023/10/2,1756000,NPP,nominal,5.37,VIIRS,NASA
81892,24.95333,121.40685,312.88,0.54,0.42,2023/10/2,1756000,NPP,nominal,3.5,VIIRS,NASA
81886,24.454,120.941,311.6,81.2,6.5,2023/10/2,320000,H8,30,21.8,AHI,CWB
81885,24.22,121.661,310.4,96.3,7.1,2023/10/2,310000,H8,0,21,AHI,CWB
81887,23.967,120.969,315.6,79.9,6.4,2023/10/2,340000,H8,24,34.1,AHI,CWB
81894,23.87147,120.29687,306.64,0.5,0.41,2023/10/2,1756000,NPP,nominal,0.89,VIIRS,NASA
81895,23.82347,120.45351,308.92,0.51,0.41,2023/10/2,1756000,NPP,nominal,0.87,VIIRS,NASA
81884,23.479,121.298,312.5,84.9,6.6,2023/10/2,210000,H8,50,16.1,AHI,CWB
81891,24.95433,121.40153,329.17,0.54,0.42,2023/10/2,1756000,NPP,nominal,5.37,VIIRS,NASA
81892,24.95333,121.40685,312.88,0.54,0.42,2023/10/2,1756000,NPP,nominal,3.5,VIIRS,NASA
81886,24.454,120.941,311.6,81.2,6.5,2023/10/2,320000,H8,30,21.8,AHI,CWB
81885,24.22,121.661,310.4,96.3,7.1,2023/10/2,310000,H8,0,21,AHI,CWB
81887,23.967,120.969,315.6,79.9,6.4,2023/10/2,340000,H8,24,34.1,AHI,CWB
81894,23.87147,120.29687,306.64,0.5,0.41,2023/10/2,1756000,NPP,nominal,0.89,VIIRS,NASA
81895,23.82347,120.45351,308.92,0.51,0.41,2023/10/2,1756000,NPP,nominal,0.87,VIIRS,NASA
81884,23.479,121.298,312.5,84.9,6.6,2023/10/2,210000,H8,50,16.1,AHI,CWB
81891,24.95433,121.40153,329.17,0.54,0.42,2023/10/2,1756000,NPP,nominal,5.37,VIIRS,NASA
81892,24.95333,121.40685,312.88,0.54,0.42,2023/10/2,1756000,NPP,nominal,3.5,VIIRS,NASA
81886,24.454,120.941,311.6,81.2,6.5,2023/10/2,320000,H8,30,21.8,AHI,CWB
81885,24.22,121.661,310.4,96.3,7.1,2023/10/2,310000,H8,0,21,AHI,CWB
81887,23.967,120.969,315.6,79.9,6.4,2023/10/2,340000,H8,24,34.1,AHI,CWB
81894,23.87147,120.29687,306.64,0.5,0.41,2023/10/2,1756000,NPP,nominal,0.89,VIIRS,NASA
81895,23.82347,120.45351,308.92,0.51,0.41,2023/10/2,1756000,NPP,nominal,0.87,VIIRS,NASA
81884,23.479,121.298,312.5,84.9,6.6,2023/10/2,210000,H8,50,16.1,AHI,CWB
81891,24.95433,121.40153,329.17,0.54,0.42,2023/10/2,1756000,NPP,nominal,5.37,VIIRS,NASA
81892,24.95333,121.40685,312.88,0.54,0.42,2023/10/2,1756000,NPP,nominal,3.5,VIIRS,NASA
81886,24.454,120.941,311.6,81.2,6.5,2023/10/2,320000,H8,30,21.8,AHI,CWB
81885,24.22,121.661,310.4,96.3,7.1,2023/10/2,310000,H8,0,21,AHI,CWB
81887,23.967,120.969,315.6,79.9,6.4,2023/10/2,340000,H8,24,34.1,AHI,CWB
81894,23.87147,120.29687,306.64,0.5,0.41,2023/10/2,1756000,NPP,nominal,0.89,VIIRS,NASA
81895,23.82347,120.45351,308.92,0.51,0.41,2023/10/2,1756000,NPP,nominal,0.87,VIIRS,NASA
81884,23.479,121.298,312.5,84.9,6.6,2023/10/2,210000,H8,50,16.1,AHI,CWB
81891,24.95433,121.40153,329.17,0.54,0.42,2023/10/2,1756000,NPP,nominal,5.37,VIIRS,NASA
81892,24.95333,121.40685,312.88,0.54,0.42,2023/10/2,1756000,NPP,nominal,3.5,VIIRS,NASA
81886,24.454,120.941,311.6,81.2,6.5,2023/10/2,320000,H8,30,21.8,AHI,CWB
81885,24.22,121.661,310.4,96.3,7.1,2023/10/2,310000,H8,0,21,AHI,CWB
81887,23.967,120.969,315.6,79.9,6.4,2023/10/2,340000,H8,24,34.1,AHI,CWB
81894,23.87147,120.29687,306.64,0.5,0.41,2023/10/2,1756000,NPP,nominal,0.89,VIIRS,NASA
81895,23.82347,120.45351,308.92,0.51,0.41,2023/10/2,1756000,NPP,nominal,0.87,VIIRS,NASA
81884,23.479,121.298,312.5,84.9,6.6,2023/10/2,210000,H8,50,16.1,AHI,CWB
81891,24.95433,121.40153,329.17,0.54,0.42,2023/10/2,1756000,NPP,nominal,5.37,VIIRS,NASA
81892,24.95333,121.40685,312.88,0.54,0.42,2023/10/2,1756000,NPP,nominal,3.5,VIIRS,NASA
81886,24.454,120.941,311.6,81.2,6.5,2023/10/2,320000,H8,30,21.8,AHI,CWB
81885,24.22,121.661,310.4,96.3,7.1,2023/10/2,310000,H8,0,21,AHI,CWB
81887,23.967,120.969,315.6,79.9,6.4,2023/10/2,340000,H8,24,34.1,AHI,CWB
81894,23.87147,120.29687,306.64,0.5,0.41,2023/10/2,1756000,NPP,nominal,0.89,VIIRS,NASA
81895,23.82347,120.45351,308.92,0.51,0.41,2023/10/2,1756000,NPP,nominal,0.87,VIIRS,NASA
81884,23.479,121.298,312.5,84.9,6.6,2023/10/2,210000,H8,50,16.1,AHI,CWB
81891,24.95433,121.40153,329.17,0.54,0.42,2023/10/2,1756000,NPP,nominal,5.37,VIIRS,NASA
81892,24.95333,121.40685,312.88,0.54,0.42,2023/10/2,1756000,NPP,nominal,3.5,VIIRS,NASA
81886,24.454,120.941,311.6,81.2,6.5,2023/10/2,320000,H8,30,21.8,AHI,CWB
81885,24.22,121.661,310.4,96.3,7.1,2023/10/2,310000,H8,0,21,AHI,CWB
81887,23.967,120.969,315.6,79.9,6.4,2023/10/2,340000,H8,24,34.1,AHI,CWB
81894,23.87147,120.29687,306.64,0.5,0.41,2023/10/2,1756000,NPP,nominal,0.89,VIIRS,NASA
81895,23.82347,120.45351,308.92,0.51,0.41,2023/10/2,1756000,NPP,nominal,0.87,VIIRS,NASA
81884,23.479,121.298,312.5,84.9,6.6,2023/10/2,210000,H8,50,16.1,AHI,CWB
81891,24.95433,121.40153,329.17,0.54,0.42,2023/10/2,1756000,NPP,nominal,5.37,VIIRS,NASA
81892,24.95333,121.40685,312.88,0.54,0.42,2023/10/2,1756000,NPP,nominal,3.5,VIIRS,NASA
81886,24.454,120.941,311.6,81.2,6.5,2023/10/2,320000,H8,30,21.8,AHI,CWB
81885,24.22,121.661,310.4,96.3,7.1,2023/10/2,310000,H8,0,21,AHI,CWB
81887,23.967,120.969,315.6,79.9,6.4,2023/10/2,340000,H8,24,34.1,AHI,CWB
81894,23.87147,120.29687,306.64,0.5,0.41,2023/10/2,1756000,NPP,nominal,0.89,VIIRS,NASA
81895,23.82347,120.45351,308.92,0.51,0.41,2023/10/2,1756000,NPP,nominal,0.87,VIIRS,NASA
81884,23.479,121.298,312.5,84.9,6.6,2023/10/2,210000,H8,50,16.1,AHI,CWB
81891,24.95433,121.40153,329.17,0.54,0.42,2023/10/2,1756000,NPP,nominal,5.37,VIIRS,NASA
81892,24.95333,121.40685,312.88,0.54,0.42,2023/10/2,1756000,NPP,nominal,3.5,VIIRS,NASA
81886,24.454,120.941,311.6,81.2,6.5,2023/10/2,320000,H8,30,21.8,AHI,CWB
81885,24.22,121.661,310.4,96.3,7.1,2023/10/2,310000,H8,0,21,AHI,CWB
81887,23.967,120.969,315.6,79.9,6.4,2023/10/2,340000,H8,24,34.1,AHI,CWB
81894,23.87147,120.29687,306.64,0.5,0.41,2023/10/2,1756000,NPP,nominal,0.89,VIIRS,NASA
81895,23.82347,120.45351,308.92,0.51,0.41,2023/10/2,1756000,NPP,nominal,0.87,VIIRS,NASA
81884,23.479,121.298,312.5,84.9,6.6,2023/10/2,210000,H8,50,16.1,AHI,CWB
81891,24.95433,121.40153,329.17,0.54,0.42,2023/10/2,1756000,NPP,nominal,5.37,VIIRS,NASA
81892,24.95333,121.40685,312.88,0.54,0.42,2023/10/2,1756000,NPP,nominal,3.5,VIIRS,NASA
81886,24.454,120.941,311.6,81.2,6.5,2023/10/2,320000,H8,30,21.8,AHI,CWB
81885,24.22,121.661,310.4,96.3,7.1,2023/10/2,310000,H8,0,21,AHI,CWB
81887,23.967,120.969,315.6,79.9,6.4,2023/10/2,340000,H8,24,34.1,AHI,CWB
81894,23.87147,120.29687,306.64,0.5,0.41,2023/10/2,1756000,NPP,nominal,0.89,VIIRS,NASA
81895,23.82347,120.45351,308.92,0.51,0.41,2023/10/2,1756000,NPP,nominal,0.87,VIIRS,NASA
81884,23.479,121.298,312.5,84.9,6.6,2023/10/2,210000,H8,50,16.1,AHI,CWB
81880,24.346,120.963,312,81.2,6.5,2023/10/1,320000,H8,28,15,AHI,CWB
81881,23.69526,120.35692,330.01,0.36,0.57,2023/10/1,548000,NPP,nominal,1.87,VIIRS,NASA
81879,22.102,120.864,310.8,71.3,6.1,2023/10/1,300000,H8,0,20.5,AHI,CWB
81880,24.346,120.963,312,81.2,6.5,2023/10/1,320000,H8,28,15,AHI,CWB
81881,23.69526,120.35692,330.01,0.36,0.57,2023/10/1,548000,NPP,nominal,1.87,VIIRS,NASA
81879,22.102,120.864,310.8,71.3,6.1,2023/10/1,300000,H8,0,20.5,AHI,CWB
81880,24.346,120.963,312,81.2,6.5,2023/10/1,320000,H8,28,15,AHI,CWB
81881,23.69526,120.35692,330.01,0.36,0.57,2023/10/1,548000,NPP,nominal,1.87,VIIRS,NASA
81879,22.102,120.864,310.8,71.3,6.1,2023/10/1,300000,H8,0,20.5,AHI,CWB
81880,24.346,120.963,312,81.2,6.5,2023/10/1,320000,H8,28,15,AHI,CWB
81881,23.69526,120.35692,330.01,0.36,0.57,2023/10/1,548000,NPP,nominal,1.87,VIIRS,NASA
81879,22.102,120.864,310.8,71.3,6.1,2023/10/1,300000,H8,0,20.5,AHI,CWB
81880,24.346,120.963,312,81.2,6.5,2023/10/1,320000,H8,28,15,AHI,CWB
81881,23.69526,120.35692,330.01,0.36,0.57,2023/10/1,548000,NPP,nominal,1.87,VIIRS,NASA
81879,22.102,120.864,310.8,71.3,6.1,2023/10/1,300000,H8,0,20.5,AHI,CWB
81880,24.346,120.963,312,81.2,6.5,2023/10/1,320000,H8,28,15,AHI,CWB
81881,23.69526,120.35692,330.01,0.36,0.57,2023/10/1,548000,NPP,nominal,1.87,VIIRS,NASA
81879,22.102,120.864,310.8,71.3,6.1,2023/10/1,300000,H8,0,20.5,AHI,CWB
81880,24.346,120.963,312,81.2,6.5,2023/10/1,320000,H8,28,15,AHI,CWB
81881,23.69526,120.35692,330.01,0.36,0.57,2023/10/1,548000,NPP,nominal,1.87,VIIRS,NASA
81879,22.102,120.864,310.8,71.3,6.1,2023/10/1,300000,H8,0,20.5,AHI,CWB
81880,24.346,120.963,312,81.2,6.5,2023/10/1,320000,H8,28,15,AHI,CWB
81881,23.69526,120.35692,330.01,0.36,0.57,2023/10/1,548000,NPP,nominal,1.87,VIIRS,NASA
81879,22.102,120.864,310.8,71.3,6.1,2023/10/1,300000,H8,0,20.5,AHI,CWB
81880,24.346,120.963,312,81.2,6.5,2023/10/1,320000,H8,28,15,AHI,CWB
81881,23.69526,120.35692,330.01,0.36,0.57,2023/10/1,548000,NPP,nominal,1.87,VIIRS,NASA
81879,22.102,120.864,310.8,71.3,6.1,2023/10/1,300000,H8,0,20.5,AHI,CWB
81880,24.346,120.963,312,81.2,6.5,2023/10/1,320000,H8,28,15,AHI,CWB
81881,23.69526,120.35692,330.01,0.36,0.57,2023/10/1,548000,NPP,nominal,1.87,VIIRS,NASA
81879,22.102,120.864,310.8,71.3,6.1,2023/10/1,300000,H8,0,20.5,AHI,CWB
81867,25.179,121.463,311.8,95.8,7,2023/9/30,330000,H8,30,22.5,AHI,CWB
81877,24.13241,121.63668,307.69,0.4,0.6,2023/9/30,1654000,NPP,nominal,1.39,VIIRS,NASA
81872,23.74319,119.62138,323.28,1,1,2023/9/30,1348000,teradb,100,18.72,MODIS,NASA
81865,23.514,121.485,311.3,89.2,6.8,2023/9/30,220000,H8,0,14,AHI,CWB
81863,23.495,120.617,310.6,71.3,6.1,2023/9/30,130000,H8,23,19.7,AHI,CWB
81866,23.479,121.298,311.8,84.9,6.6,2023/9/30,250000,H8,51,15.7,AHI,CWB
81864,22.064,120.721,311,68.5,6,2023/9/30,210000,H8,39,20.9,AHI,CWB
81867,25.179,121.463,311.8,95.8,7,2023/9/30,330000,H8,30,22.5,AHI,CWB
81877,24.13241,121.63668,307.69,0.4,0.6,2023/9/30,1654000,NPP,nominal,1.39,VIIRS,NASA
81872,23.74319,119.62138,323.28,1,1,2023/9/30,1348000,teradb,100,18.72,MODIS,NASA
81865,23.514,121.485,311.3,89.2,6.8,2023/9/30,220000,H8,0,14,AHI,CWB
81863,23.495,120.617,310.6,71.3,6.1,2023/9/30,130000,H8,23,19.7,AHI,CWB
81866,23.479,121.298,311.8,84.9,6.6,2023/9/30,250000,H8,51,15.7,AHI,CWB
81864,22.064,120.721,311,68.5,6,2023/9/30,210000,H8,39,20.9,AHI,CWB
81867,25.179,121.463,311.8,95.8,7,2023/9/30,330000,H8,30,22.5,AHI,CWB
81877,24.13241,121.63668,307.69,0.4,0.6,2023/9/30,1654000,NPP,nominal,1.39,VIIRS,NASA
81872,23.74319,119.62138,323.28,1,1,2023/9/30,1348000,teradb,100,18.72,MODIS,NASA
81865,23.514,121.485,311.3,89.2,6.8,2023/9/30,220000,H8,0,14,AHI,CWB
81863,23.495,120.617,310.6,71.3,6.1,2023/9/30,130000,H8,23,19.7,AHI,CWB
81866,23.479,121.298,311.8,84.9,6.6,2023/9/30,250000,H8,51,15.7,AHI,CWB
81864,22.064,120.721,311,68.5,6,2023/9/30,210000,H8,39,20.9,AHI,CWB
81867,25.179,121.463,311.8,95.8,7,2023/9/30,330000,H8,30,22.5,AHI,CWB
81877,24.13241,121.63668,307.69,0.4,0.6,2023/9/30,1654000,NPP,nominal,1.39,VIIRS,NASA
81872,23.74319,119.62138,323.28,1,1,2023/9/30,1348000,teradb,100,18.72,MODIS,NASA
81865,23.514,121.485,311.3,89.2,6.8,2023/9/30,220000,H8,0,14,AHI,CWB
81863,23.495,120.617,310.6,71.3,6.1,2023/9/30,130000,H8,23,19.7,AHI,CWB
81866,23.479,121.298,311.8,84.9,6.6,2023/9/30,250000,H8,51,15.7,AHI,CWB
81864,22.064,120.721,311,68.5,6,2023/9/30,210000,H8,39,20.9,AHI,CWB
81867,25.179,121.463,311.8,95.8,7,2023/9/30,330000,H8,30,22.5,AHI,CWB
81877,24.13241,121.63668,307.69,0.4,0.6,2023/9/30,1654000,NPP,nominal,1.39,VIIRS,NASA
81872,23.74319,119.62138,323.28,1,1,2023/9/30,1348000,teradb,100,18.72,MODIS,NASA
81865,23.514,121.485,311.3,89.2,6.8,2023/9/30,220000,H8,0,14,AHI,CWB
81863,23.495,120.617,310.6,71.3,6.1,2023/9/30,130000,H8,23,19.7,AHI,CWB
81866,23.479,121.298,311.8,84.9,6.6,2023/9/30,250000,H8,51,15.7,AHI,CWB
81864,22.064,120.721,311,68.5,6,2023/9/30,210000,H8,39,20.9,AHI,CWB
81867,25.179,121.463,311.8,95.8,7,2023/9/30,330000,H8,30,22.5,AHI,CWB
81877,24.13241,121.63668,307.69,0.4,0.6,2023/9/30,1654000,NPP,nominal,1.39,VIIRS,NASA
81872,23.74319,119.62138,323.28,1,1,2023/9/30,1348000,teradb,100,18.72,MODIS,NASA
81865,23.514,121.485,311.3,89.2,6.8,2023/9/30,220000,H8,0,14,AHI,CWB
81863,23.495,120.617,310.6,71.3,6.1,2023/9/30,130000,H8,23,19.7,AHI,CWB
81866,23.479,121.298,311.8,84.9,6.6,2023/9/30,250000,H8,51,15.7,AHI,CWB
81864,22.064,120.721,311,68.5,6,2023/9/30,210000,H8,39,20.9,AHI,CWB
81867,25.179,121.463,311.8,95.8,7,2023/9/30,330000,H8,30,22.5,AHI,CWB
81877,24.13241,121.63668,307.69,0.4,0.6,2023/9/30,1654000,NPP,nominal,1.39,VIIRS,NASA
81872,23.74319,119.62138,323.28,1,1,2023/9/30,1348000,teradb,100,18.72,MODIS,NASA
81865,23.514,121.485,311.3,89.2,6.8,2023/9/30,220000,H8,0,14,AHI,CWB
81863,23.495,120.617,310.6,71.3,6.1,2023/9/30,130000,H8,23,19.7,AHI,CWB
81866,23.479,121.298,311.8,84.9,6.6,2023/9/30,250000,H8,51,15.7,AHI,CWB
81864,22.064,120.721,311,68.5,6,2023/9/30,210000,H8,39,20.9,AHI,CWB
81867,25.179,121.463,311.8,95.8,7,2023/9/30,330000,H8,30,22.5,AHI,CWB
81877,24.13241,121.63668,307.69,0.4,0.6,2023/9/30,1654000,NPP,nominal,1.39,VIIRS,NASA
81872,23.74319,119.62138,323.28,1,1,2023/9/30,1348000,teradb,100,18.72,MODIS,NASA
81865,23.514,121.485,311.3,89.2,6.8,2023/9/30,220000,H8,0,14,AHI,CWB
81863,23.495,120.617,310.6,71.3,6.1,2023/9/30,130000,H8,23,19.7,AHI,CWB
